DATETIME,NO2 PREDICTED,NO2 TARGET
2023-05-14 16:00:00,51.367493,53.3
2023-05-14 17:00:00,45.49455,39.35
2023-05-14 18:00:00,29.863506,33.2
2023-05-14 19:00:00,24.712736,18.48
2023-05-14 20:00:00,18.721964,17.25
2023-05-14 21:00:00,14.019966,17.7
2023-05-14 22:00:00,19.575266,9.17
2023-05-14 23:00:00,10.20845,4.03
2023-05-27 00:00:00,7.2679405,39.0
2023-05-27 01:00:00,47.00678,15.070000000000002
2023-05-27 02:00:00,21.636992,2.25
2023-05-27 03:00:00,2.994907,3.2800000000000002
2023-05-27 04:00:00,6.628218,8.18
2023-05-27 05:00:00,7.0058227,13.47
2023-05-27 06:00:00,14.770722,12.45
2023-05-27 07:00:00,10.614492,11.62
2023-05-27 08:00:00,10.757935,7.95
2023-05-27 09:00:00,7.04317,6.03
2023-05-27 10:00:00,6.28267,4.15
2023-05-27 11:00:00,4.896282,4.25
2023-05-27 12:00:00,6.0370517,3.23
2023-05-27 13:00:00,5.7635255,4.8
2023-05-27 14:00:00,7.1332297,23.62
2023-05-27 15:00:00,29.149862,44.78
2023-05-27 16:00:00,40.467773,34.52
2023-05-27 17:00:00,28.350603,35.2
2023-05-27 18:00:00,24.03095,29.05
2023-05-27 19:00:00,23.499712,43.67
2023-05-27 20:00:00,33.83485,41.85
2023-05-27 21:00:00,34.101795,35.8
2023-05-27 22:00:00,25.294199,38.45
2023-05-27 23:00:00,33.35859,31.25
2023-05-31 00:00:00,28.35153,2.9
2023-05-31 01:00:00,6.7532783,4.83
2023-05-31 02:00:00,4.5317826,4.67
2023-05-31 03:00:00,7.9174247,6.5
2023-05-31 04:00:00,6.819473,5.9
2023-05-31 05:00:00,8.466695,4.57
2023-05-31 06:00:00,5.6370645,4.65
2023-05-31 07:00:00,5.914836,3.15
2023-05-31 08:00:00,5.0299745,4.75
2023-05-31 09:00:00,5.512823,5.53
2023-05-31 10:00:00,6.738288,6.62
2023-05-31 11:00:00,6.706367,3.98
2023-05-31 12:00:00,6.52673,2.85
2023-05-31 13:00:00,5.063886,6.98
2023-05-31 14:00:00,10.452411,18.52
2023-05-31 15:00:00,22.78411,19.07
2023-05-31 16:00:00,20.01027,15.48
2023-05-31 17:00:00,14.038553,16.28
2023-05-31 18:00:00,14.397359,16.8
2023-05-31 19:00:00,14.327996,20.8
2023-05-31 20:00:00,18.126932,11.45
2023-05-31 21:00:00,11.044124,8.4
2023-05-31 22:00:00,7.20598,22.2
2023-05-31 23:00:00,23.077658,15.43
2023-06-03 00:00:00,15.068641,27.85
2023-06-03 01:00:00,22.359001,23.77
2023-06-03 02:00:00,20.969425,20.35
2023-06-03 03:00:00,13.81144,14.999999999999998
2023-06-03 04:00:00,14.129945,9.78
2023-06-03 05:00:00,7.183219,9.75
2023-06-03 06:00:00,9.322419,8.97
2023-06-03 07:00:00,7.807423,10.12
2023-06-03 08:00:00,9.675801,9.78
2023-06-03 09:00:00,8.66037,7.6
2023-06-03 10:00:00,7.674248,8.07
2023-06-03 11:00:00,7.186138,6.700000000000001
2023-06-03 12:00:00,7.6158595,8.65
2023-06-03 13:00:00,8.97991,10.05
2023-06-03 14:00:00,13.32288,24.85
2023-06-03 15:00:00,30.8846,59.42
2023-06-03 16:00:00,60.639717,54.23
2023-06-03 17:00:00,44.340046,42.75
2023-06-03 18:00:00,33.00542,43.82
2023-06-03 19:00:00,34.63044,56.85
2023-06-03 20:00:00,49.246956,51.82
2023-06-03 21:00:00,41.06412,36.2
2023-06-03 22:00:00,28.585161,28.05
2023-06-03 23:00:00,21.904352,35.52
2023-06-04 00:00:00,29.168295,27.95
2023-06-04 01:00:00,25.258118,15.62
2023-06-04 02:00:00,14.363101,18.9
2023-06-04 03:00:00,16.81781,12.48
2023-06-04 04:00:00,14.8577585,11.23
2023-06-04 05:00:00,9.722458,10.12
2023-06-04 06:00:00,12.203949,11.1
2023-06-04 07:00:00,10.0381155,11.7
2023-06-04 08:00:00,13.468594,12.2
2023-06-04 09:00:00,10.935904,14.969999999999999
2023-06-04 10:00:00,15.468416,10.4
2023-06-04 11:00:00,9.626586,12.4
2023-06-04 12:00:00,10.646785,13.75
2023-06-04 13:00:00,14.311519,23.48
2023-06-04 14:00:00,24.661448,24.12
2023-06-04 15:00:00,23.6664,32.9
2023-06-04 16:00:00,29.327238,31.83
2023-06-04 17:00:00,27.805674,20.2
2023-06-04 18:00:00,16.638824,17.75
2023-06-04 19:00:00,14.792677,14.15
2023-06-04 20:00:00,13.272571,17.8
2023-06-04 21:00:00,16.545042,14.2
2023-06-04 22:00:00,15.332071,18.7
2023-06-04 23:00:00,17.935257,13.47
2023-06-07 00:00:00,15.585489,18.02
2023-06-07 01:00:00,16.235546,20.85
2023-06-07 02:00:00,21.68793,19.77
2023-06-07 03:00:00,16.63708,17.17
2023-06-07 04:00:00,15.364092,16.05
2023-06-07 05:00:00,13.562379,14.549999999999999
2023-06-07 06:00:00,13.146278,10.65
2023-06-07 07:00:00,9.875604,8.65
2023-06-07 08:00:00,8.211213,7.1
2023-06-07 09:00:00,7.884749,6.3
2023-06-07 10:00:00,7.115295,6.58
2023-06-07 11:00:00,7.906183,7.000000000000001
2023-06-07 12:00:00,7.9955587,7.119999999999999
2023-06-07 13:00:00,8.924307,13.199999999999998
2023-06-07 14:00:00,18.767576,38.45
2023-06-07 15:00:00,47.119343,44.93
2023-06-07 16:00:00,41.209606,44.52
2023-06-07 17:00:00,38.272278,52.35
2023-06-07 18:00:00,44.68837,32.9
2023-06-07 19:00:00,28.832195,17.25
2023-06-07 20:00:00,15.340553,27.07
2023-06-07 21:00:00,22.036633,20.9
2023-06-07 22:00:00,21.68818,27.150000000000002
2023-06-07 23:00:00,23.131765,27.65
2023-06-15 00:00:00,27.33559,15.380000000000003
2023-06-15 01:00:00,14.079422,14.98
2023-06-15 02:00:00,13.413581,15.95
2023-06-15 03:00:00,14.864942,10.12
2023-06-15 04:00:00,9.872273,8.68
2023-06-15 05:00:00,8.003277,8.95
2023-06-15 06:00:00,8.871492,8.0
2023-06-15 07:00:00,7.9904547,7.02
2023-06-15 08:00:00,7.3366594,7.419999999999999
2023-06-15 09:00:00,7.498956,6.62
2023-06-15 10:00:00,7.2347164,6.75
2023-06-15 11:00:00,7.3374376,6.4
2023-06-15 12:00:00,7.8005433,6.38
2023-06-15 13:00:00,7.8033004,8.2
2023-06-15 14:00:00,9.775913,13.430000000000001
2023-06-15 15:00:00,15.445145,17.43
2023-06-15 16:00:00,17.340397,24.62
2023-06-15 17:00:00,24.194267,25.7
2023-06-15 18:00:00,22.587297,20.05
2023-06-15 19:00:00,17.252079,13.33
2023-06-15 20:00:00,11.64148,10.8
2023-06-15 21:00:00,10.278536,9.8
2023-06-15 22:00:00,9.943633,13.38
2023-06-15 23:00:00,13.186389,13.47
2023-06-21 00:00:00,13.62542,18.43
2023-06-21 01:00:00,17.488886,8.65
2023-06-21 02:00:00,10.339317,11.72
2023-06-21 03:00:00,9.520901,9.77
2023-06-21 04:00:00,10.878554,11.27
2023-06-21 05:00:00,8.80098,12.8
2023-06-21 06:00:00,12.250915,13.0
2023-06-21 07:00:00,10.009627,9.18
2023-06-21 08:00:00,8.825328,7.629999999999999
2023-06-21 09:00:00,6.3935347,7.45
2023-06-21 10:00:00,7.5842338,6.9
2023-06-21 11:00:00,6.731266,9.05
2023-06-21 12:00:00,9.049064,11.0
2023-06-21 13:00:00,12.535178,21.05
2023-06-21 14:00:00,24.798994,27.019999999999996
2023-06-21 15:00:00,29.006063,23.8
2023-06-21 16:00:00,22.777401,22.32
2023-06-21 17:00:00,19.207672,20.2
2023-06-21 18:00:00,17.362442,17.77
2023-06-21 19:00:00,15.6761265,26.77
2023-06-21 20:00:00,25.326939,30.5
2023-06-21 21:00:00,28.414446,17.6
2023-06-21 22:00:00,16.289639,14.28
2023-06-21 23:00:00,11.444169,12.18
2023-07-01 00:00:00,11.927806,7.680000000000001
2023-07-01 01:00:00,8.042329,5.75
2023-07-01 02:00:00,6.931429,4.55
2023-07-01 03:00:00,6.3115563,3.2999999999999994
2023-07-01 04:00:00,5.636431,2.47
2023-07-01 05:00:00,5.392519,2.17
2023-07-01 06:00:00,5.256322,3.0
2023-07-01 07:00:00,6.000229,5.13
2023-07-01 08:00:00,7.1289797,4.32
2023-07-01 09:00:00,6.835031,5.35
2023-07-01 10:00:00,6.803484,5.3
2023-07-01 11:00:00,7.144427,4.65
2023-07-01 12:00:00,6.389115,4.8
2023-07-01 13:00:00,6.910241,5.85
2023-07-01 14:00:00,7.5287385,8.98
2023-07-01 15:00:00,10.092414,11.53
2023-07-01 16:00:00,11.247974,10.15
2023-07-01 17:00:00,10.424069,10.97
2023-07-01 18:00:00,9.8186,12.07
2023-07-01 19:00:00,10.868102,7.7
2023-07-01 20:00:00,7.82908,7.92
2023-07-01 21:00:00,7.534021,9.9
2023-07-01 22:00:00,9.231759,8.95
2023-07-01 23:00:00,8.466303,8.42
2023-07-02 00:00:00,7.490706,6.75
2023-07-02 01:00:00,6.768835,6.12
2023-07-02 02:00:00,5.8639455,4.55
2023-07-02 03:00:00,5.4655857,3.25
2023-07-02 04:00:00,4.257326,2.95
2023-07-02 05:00:00,4.642899,2.77
2023-07-02 06:00:00,4.4088435,3.2
2023-07-02 07:00:00,4.94738,4.3
2023-07-02 08:00:00,5.495671,3.5200000000000005
2023-07-02 09:00:00,5.3216925,4.35
2023-07-02 10:00:00,5.5040545,3.5000000000000004
2023-07-02 11:00:00,5.600369,2.48
2023-07-02 12:00:00,5.0196204,2.75
2023-07-02 13:00:00,5.8815465,3.83
2023-07-02 14:00:00,6.3346972,6.17
2023-07-02 15:00:00,7.8820405,11.88
2023-07-02 16:00:00,12.265993,13.55
2023-07-02 17:00:00,12.497018,14.1
2023-07-02 18:00:00,12.506434,12.980000000000002
2023-07-02 19:00:00,11.53858,15.720000000000002
2023-07-02 20:00:00,13.031469,22.1
2023-07-02 21:00:00,19.744392,22.4
2023-07-02 22:00:00,17.471855,21.75
2023-07-02 23:00:00,16.559462,21.82
2023-07-03 00:00:00,16.132666,20.95
2023-07-03 01:00:00,15.791847,19.85
2023-07-03 02:00:00,14.83354,16.35
2023-07-03 03:00:00,12.935076,16.1
2023-07-03 04:00:00,12.118252,10.72
2023-07-03 05:00:00,9.560432,8.05
2023-07-03 06:00:00,6.2206783,5.45
2023-07-03 07:00:00,6.1611023,5.4
2023-07-03 08:00:00,5.3407583,6.68
2023-07-03 09:00:00,7.368365,5.55
2023-07-03 10:00:00,6.2627187,3.83
2023-07-03 11:00:00,5.420947,3.55
2023-07-03 12:00:00,5.3483534,2.85
2023-07-03 13:00:00,5.4947176,5.33
2023-07-03 14:00:00,7.2041993,13.0
2023-07-03 15:00:00,15.416174,23.23
2023-07-03 16:00:00,24.689026,32.88
2023-07-03 17:00:00,29.766993,33.32
2023-07-03 18:00:00,27.51231,25.12
2023-07-03 19:00:00,18.980427,24.35
2023-07-03 20:00:00,18.681032,26.55
2023-07-03 21:00:00,21.106062,21.7
2023-07-03 22:00:00,18.216042,14.9
2023-07-03 23:00:00,12.810483,13.249999999999998
2023-07-04 00:00:00,11.565329,13.88
2023-07-04 01:00:00,12.707353,18.12
2023-07-04 02:00:00,16.47868,21.0
2023-07-04 03:00:00,18.89873,21.08
2023-07-04 04:00:00,17.761042,9.95
2023-07-04 05:00:00,8.941516,7.43
2023-07-04 06:00:00,5.836068,9.5
2023-07-04 07:00:00,8.561915,10.95
2023-07-04 08:00:00,9.347343,11.83
2023-07-04 09:00:00,10.471204,10.03
2023-07-04 10:00:00,8.774945,19.12
2023-07-04 11:00:00,18.715609,24.83
2023-07-04 12:00:00,23.960917,30.1
2023-07-04 13:00:00,26.802925,29.2
2023-07-04 14:00:00,25.197193,34.55
2023-07-04 15:00:00,28.695305,35.65
2023-07-04 16:00:00,29.964008,32.28
2023-07-04 17:00:00,25.097466,20.07
2023-07-04 18:00:00,17.292252,14.000000000000002
2023-07-04 19:00:00,12.062321,10.03
2023-07-04 20:00:00,11.426265,9.6
2023-07-04 21:00:00,10.051197,9.0
2023-07-04 22:00:00,11.825381,9.75
2023-07-04 23:00:00,10.884465,10.65
2023-07-06 00:00:00,13.127714,9.9
2023-07-06 01:00:00,10.408173,15.97
2023-07-06 02:00:00,17.71675,14.48
2023-07-06 03:00:00,13.869255,12.25
2023-07-06 04:00:00,10.75508,4.88
2023-07-06 05:00:00,6.323825,5.22
2023-07-06 06:00:00,5.529909,7.32
2023-07-06 07:00:00,8.30201,4.28
2023-07-06 08:00:00,6.075639,5.1
2023-07-06 09:00:00,6.494458,5.32
2023-07-06 10:00:00,6.8699923,6.05
2023-07-06 11:00:00,7.1166415,6.62
2023-07-06 12:00:00,7.611932,7.3
2023-07-06 13:00:00,8.24213,10.1
2023-07-06 14:00:00,10.438683,9.22
2023-07-06 15:00:00,10.192817,11.18
2023-07-06 16:00:00,10.858197,16.4
2023-07-06 17:00:00,16.246578,19.85
2023-07-06 18:00:00,17.549557,10.05
2023-07-06 19:00:00,10.78356,11.28
2023-07-06 20:00:00,9.055677,8.6
2023-07-06 21:00:00,9.560541,9.2
2023-07-06 22:00:00,7.6606665,13.199999999999998
2023-07-06 23:00:00,12.814975,11.4
2023-07-09 00:00:00,10.037644,9.72
2023-07-09 01:00:00,8.98712,9.75
2023-07-09 02:00:00,8.838969,10.68
2023-07-09 03:00:00,9.076563,13.6
2023-07-09 04:00:00,11.495544,11.7
2023-07-09 05:00:00,9.909487,11.97
2023-07-09 06:00:00,9.648396,9.43
2023-07-09 07:00:00,8.691776,7.47
2023-07-09 08:00:00,6.8655305,8.0
2023-07-09 09:00:00,7.9712462,6.599999999999999
2023-07-09 10:00:00,7.6562185,9.32
2023-07-09 11:00:00,9.433621,13.120000000000001
2023-07-09 12:00:00,14.433281,11.93
2023-07-09 13:00:00,12.00376,12.62
2023-07-09 14:00:00,12.097789,18.7
2023-07-09 15:00:00,19.27499,24.05
2023-07-09 16:00:00,22.600876,24.38
2023-07-09 17:00:00,20.978043,25.12
2023-07-09 18:00:00,20.042763,23.73
2023-07-09 19:00:00,18.791685,18.23
2023-07-09 20:00:00,14.9375515,13.75
2023-07-09 21:00:00,11.326044,11.3
2023-07-09 22:00:00,10.0668745,11.85
2023-07-09 23:00:00,10.631826,14.02
2023-07-10 00:00:00,13.6975765,11.75
2023-07-10 01:00:00,11.529125,13.929999999999998
2023-07-10 02:00:00,12.891879,12.07
2023-07-10 03:00:00,11.469449,11.35
2023-07-10 04:00:00,9.681288,10.45
2023-07-10 05:00:00,9.9268875,8.15
2023-07-10 06:00:00,7.8429093,6.9
2023-07-10 07:00:00,7.235108,7.820000000000001
2023-07-10 08:00:00,7.9180264,12.15
2023-07-10 09:00:00,11.898768,11.68
2023-07-10 10:00:00,10.898759,11.35
2023-07-10 11:00:00,10.198042,7.480000000000001
2023-07-10 12:00:00,8.409183,6.5
2023-07-10 13:00:00,6.963217,3.9199999999999995
2023-07-10 14:00:00,6.635494,6.599999999999999
2023-07-10 15:00:00,7.5454597,8.78
2023-07-10 16:00:00,10.172545,11.27
2023-07-10 17:00:00,10.376652,7.8500000000000005
2023-07-10 18:00:00,9.21556,6.8
2023-07-10 19:00:00,6.7230177,4.3
2023-07-10 20:00:00,6.678635,4.72
2023-07-10 21:00:00,5.6660104,5.1
2023-07-10 22:00:00,6.986173,4.88
2023-07-10 23:00:00,5.837933,11.82
2023-07-22 00:00:00,11.591382,13.55
2023-07-22 01:00:00,11.683369,18.32
2023-07-22 02:00:00,15.542413,11.93
2023-07-22 03:00:00,11.043235,11.2
2023-07-22 04:00:00,8.329437,9.18
2023-07-22 05:00:00,8.909189,11.45
2023-07-22 06:00:00,8.681115,12.43
2023-07-22 07:00:00,10.923252,12.62
2023-07-22 08:00:00,9.522033,8.9
2023-07-22 09:00:00,8.463614,8.65
2023-07-22 10:00:00,7.118638,7.58
2023-07-22 11:00:00,7.8516726,7.35
2023-07-22 12:00:00,6.6331954,7.6
2023-07-22 13:00:00,8.019962,7.6
2023-07-22 14:00:00,7.4574947,12.3
2023-07-22 15:00:00,12.64405,17.12
2023-07-22 16:00:00,17.272993,21.2
2023-07-22 17:00:00,19.819275,21.8
2023-07-22 18:00:00,19.057135,13.219999999999999
2023-07-22 19:00:00,11.132181,15.599999999999998
2023-07-22 20:00:00,11.519212,19.25
2023-07-22 21:00:00,17.475048,11.9
2023-07-22 22:00:00,10.757538,13.320000000000002
2023-07-22 23:00:00,11.064356,13.819999999999999
2023-07-24 00:00:00,12.958435,11.8
2023-07-24 01:00:00,10.314581,14.450000000000001
2023-07-24 02:00:00,13.214874,16.53
2023-07-24 03:00:00,14.7631,15.800000000000002
2023-07-24 04:00:00,13.860013,12.18
2023-07-24 05:00:00,10.477129,9.18
2023-07-24 06:00:00,8.383586,10.2
2023-07-24 07:00:00,9.2260065,12.4
2023-07-24 08:00:00,11.702485,11.52
2023-07-24 09:00:00,10.633269,14.33
2023-07-24 10:00:00,12.698838,13.0
2023-07-24 11:00:00,11.823531,13.42
2023-07-24 12:00:00,11.066209,11.0
2023-07-24 13:00:00,10.3799,9.8
2023-07-24 14:00:00,8.700428,17.27
2023-07-24 15:00:00,17.287054,28.769999999999996
2023-07-24 16:00:00,28.991312,31.500000000000004
2023-07-24 17:00:00,27.509296,29.27
2023-07-24 18:00:00,23.585604,24.73
2023-07-24 19:00:00,19.327667,28.319999999999997
2023-07-24 20:00:00,22.237503,20.85
2023-07-24 21:00:00,18.333212,21.0
2023-07-24 22:00:00,16.583092,18.18
2023-07-24 23:00:00,17.691736,18.93
2023-08-19 00:00:00,16.07673,6.35
2023-08-19 01:00:00,9.050627,8.2
2023-08-19 02:00:00,6.6374264,18.95
2023-08-19 03:00:00,22.809254,13.199999999999998
2023-08-19 04:00:00,12.979683,8.85
2023-08-19 05:00:00,8.3121195,6.12
2023-08-19 06:00:00,7.0637217,7.6
2023-08-19 07:00:00,7.3225536,12.0
2023-08-19 08:00:00,12.753747,11.6
2023-08-19 09:00:00,10.506742,21.85
2023-08-19 10:00:00,22.73593,12.6
2023-08-19 11:00:00,13.002038,10.3
2023-08-19 12:00:00,8.228729,12.18
2023-08-19 13:00:00,11.69335,24.4
2023-08-19 14:00:00,24.235846,22.75
2023-08-19 15:00:00,21.61382,18.1
2023-08-19 16:00:00,15.188411,16.8
2023-08-19 17:00:00,14.653988,12.47
2023-08-19 18:00:00,11.72654,20.85
2023-08-19 19:00:00,19.206394,17.38
2023-08-19 20:00:00,16.746607,14.57
2023-08-19 21:00:00,11.76351,15.100000000000001
2023-08-19 22:00:00,14.001629,17.05
2023-08-19 23:00:00,14.574834,15.93
2023-08-23 00:00:00,14.5106735,5.5
2023-08-23 01:00:00,6.503918,8.45
2023-08-23 02:00:00,7.51144,9.07
2023-08-23 03:00:00,9.600393,10.93
2023-08-23 04:00:00,9.331529,10.9
2023-08-23 05:00:00,10.572004,11.2
2023-08-23 06:00:00,9.655515,13.45
2023-08-23 07:00:00,12.7358885,11.9
2023-08-23 08:00:00,10.747877,13.899999999999999
2023-08-23 09:00:00,12.245562,14.88
2023-08-23 10:00:00,13.350934,19.62
2023-08-23 11:00:00,17.9338,24.4
2023-08-23 12:00:00,22.79335,25.58
2023-08-23 13:00:00,22.415556,29.750000000000004
2023-08-23 14:00:00,27.119251,25.42
2023-08-23 15:00:00,22.28442,18.23
2023-08-23 16:00:00,15.618584,14.949999999999998
2023-08-23 17:00:00,13.423586,13.849999999999998
2023-08-23 18:00:00,13.2438,13.5
2023-08-23 19:00:00,13.28375,10.95
2023-08-23 20:00:00,11.736568,9.03
2023-08-23 21:00:00,9.584004,8.9
2023-08-23 22:00:00,9.87693,9.2
2023-08-23 23:00:00,9.347912,16.05
2023-09-03 00:00:00,16.972574,18.48
2023-09-03 01:00:00,18.798914,16.57
2023-09-03 02:00:00,15.147433,13.120000000000001
2023-09-03 03:00:00,11.203136,10.6
2023-09-03 04:00:00,9.494638,6.1
2023-09-03 05:00:00,7.144066,5.67
2023-09-03 06:00:00,6.6927376,5.32
2023-09-03 07:00:00,7.3574467,4.55
2023-09-03 08:00:00,6.94054,4.75
2023-09-03 09:00:00,7.175483,6.1
2023-09-03 10:00:00,7.6791224,3.0
2023-09-03 11:00:00,6.3017554,3.3300000000000005
2023-09-03 12:00:00,6.1451745,4.25
2023-09-03 13:00:00,7.3571715,6.4
2023-09-03 14:00:00,7.952606,7.6
2023-09-03 15:00:00,8.870805,11.32
2023-09-03 16:00:00,10.752195,12.05
2023-09-03 17:00:00,11.518019,11.85
2023-09-03 18:00:00,10.6019745,14.82
2023-09-03 19:00:00,12.823798,11.25
2023-09-03 20:00:00,10.453856,11.7
2023-09-03 21:00:00,9.78734,13.899999999999999
2023-09-03 22:00:00,12.214936,11.35
2023-09-03 23:00:00,9.583722,12.1
2023-09-10 00:00:00,9.787577,2.88
2023-09-10 01:00:00,4.9852777,3.8799999999999994
2023-09-10 02:00:00,3.9401855,3.47
2023-09-10 03:00:00,5.577531,4.15
2023-09-10 04:00:00,4.709244,4.02
2023-09-10 05:00:00,5.910634,3.9300000000000006
2023-09-10 06:00:00,4.9722366,4.5
2023-09-10 07:00:00,6.045274,3.08
2023-09-10 08:00:00,4.914179,3.22
2023-09-10 09:00:00,5.4253983,3.38
2023-09-10 10:00:00,5.74638,3.25
2023-09-10 11:00:00,5.9405665,3.58
2023-09-10 12:00:00,6.2131977,3.27
2023-09-10 13:00:00,6.157211,4.25
2023-09-10 14:00:00,6.302285,5.58
2023-09-10 15:00:00,7.1960607,5.22
2023-09-10 16:00:00,6.6939864,6.599999999999999
2023-09-10 17:00:00,7.473491,5.55
2023-09-10 18:00:00,6.8069644,5.2
2023-09-10 19:00:00,6.0294766,5.2
2023-09-10 20:00:00,6.3079233,4.55
2023-09-10 21:00:00,5.6836824,4.7
2023-09-10 22:00:00,6.0591197,4.6
2023-09-10 23:00:00,5.958452,5.33
2023-09-12 00:00:00,6.299934,16.82
2023-09-12 01:00:00,16.989643,16.15
2023-09-12 02:00:00,13.745681,16.6
2023-09-12 03:00:00,12.571782,17.77
2023-09-12 04:00:00,13.841534,15.27
2023-09-12 05:00:00,11.454856,13.65
2023-09-12 06:00:00,10.095465,10.82
2023-09-12 07:00:00,8.718132,7.249999999999999
2023-09-12 08:00:00,6.439682,4.8
2023-09-12 09:00:00,4.996857,4.2
2023-09-12 10:00:00,4.8062553,3.98
2023-09-12 11:00:00,5.0357156,3.55
2023-09-12 12:00:00,5.1015306,5.3
2023-09-12 13:00:00,6.174227,7.969999999999999
2023-09-12 14:00:00,8.54868,39.38
2023-09-12 15:00:00,45.081978,40.58
2023-09-12 16:00:00,35.847603,38.9
2023-09-12 17:00:00,29.992224,34.83
2023-09-12 18:00:00,28.510857,32.3
2023-09-12 19:00:00,23.555561,30.849999999999998
2023-09-12 20:00:00,25.289652,25.55
2023-09-12 21:00:00,20.611652,28.3
2023-09-12 22:00:00,23.22013,23.97
2023-09-12 23:00:00,20.947676,19.0
2023-09-13 00:00:00,15.7828045,18.43
2023-09-13 01:00:00,16.217524,23.08
2023-09-13 02:00:00,21.242859,18.32
2023-09-13 03:00:00,16.740578,21.4
2023-09-13 04:00:00,17.972025,17.27
2023-09-13 05:00:00,16.21363,12.43
2023-09-13 06:00:00,9.751682,11.2
2023-09-13 07:00:00,10.047219,11.3
2023-09-13 08:00:00,9.867484,11.32
2023-09-13 09:00:00,10.4152975,10.38
2023-09-13 10:00:00,9.608254,12.75
2023-09-13 11:00:00,11.899713,12.45
2023-09-13 12:00:00,11.629518,17.35
2023-09-13 13:00:00,16.682974,19.35
2023-09-13 14:00:00,18.540749,26.399999999999995
2023-09-13 15:00:00,24.905754,45.2
2023-09-13 16:00:00,44.393505,48.05
2023-09-13 17:00:00,38.399315,44.57
2023-09-13 18:00:00,35.373455,41.62
2023-09-13 19:00:00,31.59685,37.42
2023-09-13 20:00:00,30.308172,35.22
2023-09-13 21:00:00,27.149746,30.600000000000005
2023-09-13 22:00:00,26.711119,22.27
2023-09-13 23:00:00,20.351921,19.1
2023-09-17 00:00:00,18.733435,10.82
2023-09-17 01:00:00,13.726127,9.45
2023-09-17 02:00:00,10.618059,11.25
2023-09-17 03:00:00,13.627089,10.08
2023-09-17 04:00:00,11.37178,7.3
2023-09-17 05:00:00,8.83819,6.65
2023-09-17 06:00:00,7.1887894,5.17
2023-09-17 07:00:00,6.4181385,5.2
2023-09-17 08:00:00,5.851866,4.5
2023-09-17 09:00:00,5.9148407,4.85
2023-09-17 10:00:00,5.7375784,6.530000000000001
2023-09-17 11:00:00,7.3406444,7.680000000000001
2023-09-17 12:00:00,7.9341316,10.4
2023-09-17 13:00:00,12.008761,12.93
2023-09-17 14:00:00,13.794519,17.2
2023-09-17 15:00:00,17.878494,19.23
2023-09-17 16:00:00,18.462742,13.72
2023-09-17 17:00:00,13.171183,11.8
2023-09-17 18:00:00,10.630296,11.73
2023-09-17 19:00:00,11.267372,8.43
2023-09-17 20:00:00,9.218114,5.75
2023-09-17 21:00:00,7.153638,5.7
2023-09-17 22:00:00,7.1540194,5.75
2023-09-17 23:00:00,7.1156015,8.4
2023-09-18 00:00:00,9.121139,13.219999999999999
2023-09-18 01:00:00,13.036187,10.7
2023-09-18 02:00:00,10.597043,10.93
2023-09-18 03:00:00,9.174245,12.78
2023-09-18 04:00:00,11.100424,8.55
2023-09-18 05:00:00,7.8822412,7.380000000000001
2023-09-18 06:00:00,6.5944204,6.97
2023-09-18 07:00:00,6.900156,7.7
2023-09-18 08:00:00,7.1054254,6.599999999999999
2023-09-18 09:00:00,6.985983,8.0
2023-09-18 10:00:00,7.502702,7.170000000000001
2023-09-18 11:00:00,7.7092977,9.38
2023-09-18 12:00:00,8.688769,10.2
2023-09-18 13:00:00,9.837522,18.3
2023-09-18 14:00:00,19.82234,19.58
2023-09-18 15:00:00,19.912786,19.5
2023-09-18 16:00:00,17.74424,24.4
2023-09-18 17:00:00,22.8462,19.85
2023-09-18 18:00:00,17.466146,16.95
2023-09-18 19:00:00,13.897339,16.4
2023-09-18 20:00:00,14.316805,16.12
2023-09-18 21:00:00,13.748011,14.2
2023-09-18 22:00:00,12.807195,10.65
2023-09-18 23:00:00,9.50699,10.33
2023-09-26 00:00:00,9.215044,11.85
2023-09-26 01:00:00,11.032895,16.12
2023-09-26 02:00:00,15.611318,19.0
2023-09-26 03:00:00,17.51379,17.65
2023-09-26 04:00:00,15.563277,11.1
2023-09-26 05:00:00,9.455475,8.3
2023-09-26 06:00:00,7.372017,6.08
2023-09-26 07:00:00,6.8272705,6.530000000000001
2023-09-26 08:00:00,6.9110746,5.62
2023-09-26 09:00:00,7.396054,5.58
2023-09-26 10:00:00,6.8054495,5.53
2023-09-26 11:00:00,7.5430117,5.15
2023-09-26 12:00:00,6.993377,7.35
2023-09-26 13:00:00,8.94189,9.5
2023-09-26 14:00:00,10.098347,12.97
2023-09-26 15:00:00,12.754705,14.3
2023-09-26 16:00:00,12.827826,13.899999999999999
2023-09-26 17:00:00,12.274016,10.77
2023-09-26 18:00:00,9.955146,15.25
2023-09-26 19:00:00,12.805174,21.07
2023-09-26 20:00:00,19.118618,21.02
2023-09-26 21:00:00,16.918148,20.7
2023-09-26 22:00:00,16.645184,13.65
2023-09-26 23:00:00,11.761596,9.3
2023-09-27 00:00:00,7.905587,11.43
2023-09-27 01:00:00,9.73766,14.35
2023-09-27 02:00:00,12.9215145,15.13
2023-09-27 03:00:00,12.953544,10.28
2023-09-27 04:00:00,9.257178,9.9
2023-09-27 05:00:00,8.164182,6.12
2023-09-27 06:00:00,7.1127553,5.02
2023-09-27 07:00:00,5.128092,5.53
2023-09-27 08:00:00,6.5610847,6.55
2023-09-27 09:00:00,6.737557,5.58
2023-09-27 10:00:00,6.722917,5.62
2023-09-27 11:00:00,6.3011956,5.17
2023-09-27 12:00:00,6.8164544,6.22
2023-09-27 13:00:00,7.283077,12.1
2023-09-27 14:00:00,13.118158,16.1
2023-09-27 15:00:00,16.006691,15.750000000000002
2023-09-27 16:00:00,14.5567875,13.819999999999999
2023-09-27 17:00:00,11.828855,11.2
2023-09-27 18:00:00,10.280014,13.08
2023-09-27 19:00:00,11.251701,16.25
2023-09-27 20:00:00,14.611401,18.47
2023-09-27 21:00:00,15.463789,13.3
2023-09-27 22:00:00,12.095963,13.3
2023-09-27 23:00:00,10.639925,11.48
2023-09-28 00:00:00,11.074289,11.68
2023-09-28 01:00:00,9.938711,13.45
2023-09-28 02:00:00,12.584821,18.2
2023-09-28 03:00:00,16.1697,17.12
2023-09-28 04:00:00,14.764884,11.9
2023-09-28 05:00:00,9.686029,9.45
2023-09-28 06:00:00,7.910203,6.72
2023-09-28 07:00:00,6.8441167,6.07
2023-09-28 08:00:00,6.0536327,6.949999999999999
2023-09-28 09:00:00,7.369651,6.3
2023-09-28 10:00:00,6.77828,6.28
2023-09-28 11:00:00,6.9954267,6.08
2023-09-28 12:00:00,6.938901,8.53
2023-09-28 13:00:00,8.891558,14.2
2023-09-28 14:00:00,15.060172,21.08
2023-09-28 15:00:00,21.296032,26.55
2023-09-28 16:00:00,24.217463,31.719999999999995
2023-09-28 17:00:00,27.94438,25.23
2023-09-28 18:00:00,20.908043,20.88
2023-09-28 19:00:00,16.397741,20.07
2023-09-28 20:00:00,16.700201,18.07
2023-09-28 21:00:00,15.654618,22.7
2023-09-28 22:00:00,19.402435,24.55
2023-09-28 23:00:00,21.729708,25.62
2023-10-01 00:00:00,21.71352,17.38
2023-10-01 01:00:00,15.73809,15.780000000000001
2023-10-01 02:00:00,12.486458,14.93
2023-10-01 03:00:00,13.761281,15.330000000000002
2023-10-01 04:00:00,12.743958,11.12
2023-10-01 05:00:00,10.947245,9.32
2023-10-01 06:00:00,7.8148055,7.05
2023-10-01 07:00:00,7.97306,6.55
2023-10-01 08:00:00,6.5136094,7.900000000000001
2023-10-01 09:00:00,8.601172,6.530000000000001
2023-10-01 10:00:00,7.2651777,5.68
2023-10-01 11:00:00,6.9237165,5.58
2023-10-01 12:00:00,7.143088,6.62
2023-10-01 13:00:00,8.091939,14.529999999999998
2023-10-01 14:00:00,16.760384,21.75
2023-10-01 15:00:00,22.382387,14.919999999999998
2023-10-01 16:00:00,14.614494,12.02
2023-10-01 17:00:00,10.086879,9.98
2023-10-01 18:00:00,10.79082,10.2
2023-10-01 19:00:00,9.597647,10.08
2023-10-01 20:00:00,10.6607,9.67
2023-10-01 21:00:00,9.375279,10.9
2023-10-01 22:00:00,10.854257,14.050000000000002
2023-10-01 23:00:00,12.883112,14.28
2023-10-04 00:00:00,13.019326,28.02
2023-10-04 01:00:00,27.71478,32.55
2023-10-04 02:00:00,28.238155,34.25
2023-10-04 03:00:00,26.925264,21.62
2023-10-04 04:00:00,17.056091,14.949999999999998
2023-10-04 05:00:00,10.461184,11.8
2023-10-04 06:00:00,9.966457,7.05
2023-10-04 07:00:00,6.8701587,6.22
2023-10-04 08:00:00,6.6376743,5.6
2023-10-04 09:00:00,6.7232423,5.78
2023-10-04 10:00:00,6.8682785,6.72
2023-10-04 11:00:00,7.6395006,7.499999999999999
2023-10-04 12:00:00,8.507003,11.97
2023-10-04 13:00:00,14.059798,21.25
2023-10-04 14:00:00,26.21571,23.07
2023-10-04 15:00:00,23.712303,25.68
2023-10-04 16:00:00,23.640503,45.62
2023-10-04 17:00:00,43.482147,33.08
2023-10-04 18:00:00,27.950546,26.399999999999995
2023-10-04 19:00:00,18.647072,27.4
2023-10-04 20:00:00,21.890865,28.65
2023-10-04 21:00:00,22.973017,32.0
2023-10-04 22:00:00,28.149433,31.42
2023-10-04 23:00:00,25.964096,30.069999999999997
2023-10-15 00:00:00,25.27376,29.999999999999996
2023-10-15 01:00:00,24.812746,31.45
2023-10-15 02:00:00,27.024931,27.6
2023-10-15 03:00:00,23.150288,9.8
2023-10-15 04:00:00,9.46204,4.5
2023-10-15 05:00:00,4.4492207,2.65
2023-10-15 06:00:00,5.410676,3.5000000000000004
2023-10-15 07:00:00,4.9928656,3.8
2023-10-15 08:00:00,7.1178794,3.65
2023-10-15 09:00:00,5.8814416,6.43
2023-10-15 10:00:00,9.126541,7.119999999999999
2023-10-15 11:00:00,8.240097,7.799999999999999
2023-10-15 12:00:00,9.174773,9.75
2023-10-15 13:00:00,10.63991,22.77
2023-10-15 14:00:00,25.882996,30.9
2023-10-15 15:00:00,28.216047,45.48
2023-10-15 16:00:00,38.991806,38.75
2023-10-15 17:00:00,30.161837,43.85
2023-10-15 18:00:00,32.471657,43.6
2023-10-15 19:00:00,34.34558,28.479999999999997
2023-10-15 20:00:00,20.935188,14.4
2023-10-15 21:00:00,13.594929,13.0
2023-10-15 22:00:00,10.717607,20.33
2023-10-15 23:00:00,21.254822,27.82
2023-10-16 00:00:00,28.69419,30.169999999999998
2023-10-16 01:00:00,29.670078,32.15
2023-10-16 02:00:00,29.292683,33.52
2023-10-16 03:00:00,28.682302,33.9
2023-10-16 04:00:00,28.193565,23.68
2023-10-16 05:00:00,18.798145,4.88
2023-10-16 06:00:00,5.7683225,4.8
2023-10-16 07:00:00,4.043731,5.1
2023-10-16 08:00:00,7.3746414,4.08
2023-10-16 09:00:00,5.1550174,3.3500000000000005
2023-10-16 10:00:00,6.529844,4.17
2023-10-16 11:00:00,6.3464394,2.95
2023-10-16 12:00:00,7.2072625,4.8
2023-10-16 13:00:00,7.603146,7.35
2023-10-16 14:00:00,11.018799,8.9
2023-10-16 15:00:00,12.400885,10.82
2023-10-16 16:00:00,12.558397,14.680000000000001
2023-10-16 17:00:00,15.529066,15.5
2023-10-16 18:00:00,14.916073,12.08
2023-10-16 19:00:00,12.035592,13.47
2023-10-16 20:00:00,12.476255,3.9199999999999995
2023-10-16 21:00:00,7.803599,4.8
2023-10-16 22:00:00,6.0641093,10.0
2023-10-16 23:00:00,11.874474,16.85
2023-10-20 00:00:00,15.334638,20.15
2023-10-20 01:00:00,19.595518,16.0
2023-10-20 02:00:00,13.221513,20.65
2023-10-20 03:00:00,16.65583,25.93
2023-10-20 04:00:00,21.627409,13.270000000000001
2023-10-20 05:00:00,11.625031,7.18
2023-10-20 06:00:00,5.627771,6.949999999999999
2023-10-20 07:00:00,6.712691,5.3
2023-10-20 08:00:00,5.6268773,4.45
2023-10-20 09:00:00,5.6099815,4.82
2023-10-20 10:00:00,5.7278237,6.55
2023-10-20 11:00:00,7.3224454,4.88
2023-10-20 12:00:00,6.703107,8.75
2023-10-20 13:00:00,9.876747,18.32
2023-10-20 14:00:00,24.752062,32.4
2023-10-20 15:00:00,34.93325,38.35
2023-10-20 16:00:00,36.344585,47.77
2023-10-20 17:00:00,41.5375,42.67
2023-10-20 18:00:00,34.22395,36.15
2023-10-20 19:00:00,25.835115,33.62
2023-10-20 20:00:00,25.178242,39.03
2023-10-20 21:00:00,31.833647,33.2
2023-10-20 22:00:00,28.323711,26.2
2023-10-20 23:00:00,20.984695,21.62
2023-10-23 00:00:00,19.786316,18.38
2023-10-23 01:00:00,17.39092,20.2
2023-10-23 02:00:00,19.929947,21.02
2023-10-23 03:00:00,22.00194,18.77
2023-10-23 04:00:00,17.158525,14.579999999999998
2023-10-23 05:00:00,13.688577,6.25
2023-10-23 06:00:00,7.1596785,3.9500000000000006
2023-10-23 07:00:00,4.773364,4.85
2023-10-23 08:00:00,6.261185,3.8799999999999994
2023-10-23 09:00:00,5.9016786,3.83
2023-10-23 10:00:00,5.8218184,2.8
2023-10-23 11:00:00,5.818983,5.58
2023-10-23 12:00:00,7.46757,11.62
2023-10-23 13:00:00,14.626283,17.6
2023-10-23 14:00:00,18.615776,35.17
2023-10-23 15:00:00,35.966595,42.02
2023-10-23 16:00:00,35.589497,42.0
2023-10-23 17:00:00,32.652832,33.77
2023-10-23 18:00:00,26.034668,28.67
2023-10-23 19:00:00,21.34944,25.92
2023-10-23 20:00:00,20.822678,12.9
2023-10-23 21:00:00,13.3998375,11.1
2023-10-23 22:00:00,10.360706,10.42
2023-10-23 23:00:00,12.713587,11.95
2023-10-29 00:00:00,12.355462,25.55
2023-10-29 01:00:00,30.152739,34.0
2023-10-29 02:00:00,33.41328,43.1
2023-10-29 03:00:00,38.683155,70.42
2023-10-29 04:00:00,62.4386,114.15
2023-10-29 05:00:00,91.89242,44.7
2023-10-29 06:00:00,31.641224,38.9
2023-10-29 07:00:00,25.62197,19.23
2023-10-29 08:00:00,23.698534,19.2
2023-10-29 09:00:00,15.068946,17.83
2023-10-29 10:00:00,25.861118,20.65
2023-10-29 11:00:00,20.091702,25.6
2023-10-29 12:00:00,38.447754,70.38
2023-10-29 13:00:00,81.92391,68.33
2023-10-29 14:00:00,67.19624,79.8
2023-10-29 15:00:00,66.10672,78.85
2023-10-29 16:00:00,69.02666,69.07
2023-10-29 17:00:00,54.004177,50.23
2023-10-29 18:00:00,43.307514,49.35
2023-10-29 19:00:00,37.398514,44.25
2023-10-29 20:00:00,42.004562,44.85
2023-10-29 21:00:00,37.65086,41.9
2023-10-29 22:00:00,41.419075,40.73
2023-10-29 23:00:00,35.71572,53.11999999999999
2023-10-31 00:00:00,53.850437,26.58
2023-10-31 01:00:00,24.618504,24.7
2023-10-31 02:00:00,19.756983,24.65
2023-10-31 03:00:00,24.442307,39.38
2023-10-31 04:00:00,37.68498,93.9
2023-10-31 05:00:00,97.623886,90.78
2023-10-31 06:00:00,70.825516,54.64999999999999
2023-10-31 07:00:00,44.16422,35.77
2023-10-31 08:00:00,29.096848,24.02
2023-10-31 09:00:00,25.928576,23.05
2023-10-31 10:00:00,23.063715,20.07
2023-10-31 11:00:00,27.94806,21.45
2023-10-31 12:00:00,26.718271,32.1
2023-10-31 13:00:00,46.979996,71.38
2023-10-31 14:00:00,83.94355,76.38
2023-10-31 15:00:00,71.99658,75.2
2023-10-31 16:00:00,64.39556,67.3
2023-10-31 17:00:00,57.8582,62.58
2023-10-31 18:00:00,52.360138,60.74999999999999
2023-10-31 19:00:00,49.94642,56.46999999999999
2023-10-31 20:00:00,48.30475,49.85
2023-10-31 21:00:00,41.359695,60.2
2023-10-31 22:00:00,52.900425,40.83
2023-10-31 23:00:00,37.030453,35.17
2023-11-02 00:00:00,27.915024,34.58
2023-11-02 01:00:00,33.59111,32.38
2023-11-02 02:00:00,32.625256,38.12
2023-11-02 03:00:00,44.83817,50.35
2023-11-02 04:00:00,54.790134,54.92
2023-11-02 05:00:00,50.98776,30.45
2023-11-02 06:00:00,25.806694,28.829999999999995
2023-11-02 07:00:00,20.161703,19.68
2023-11-02 08:00:00,20.330538,17.52
2023-11-02 09:00:00,13.61988,14.38
2023-11-02 10:00:00,18.428099,20.6
2023-11-02 11:00:00,25.942142,27.030000000000005
2023-11-02 12:00:00,40.269314,34.32
2023-11-02 13:00:00,41.827477,68.7
2023-11-02 14:00:00,76.983696,63.8
2023-11-02 15:00:00,56.23282,69.02
2023-11-02 16:00:00,55.82571,67.45
2023-11-02 17:00:00,56.31182,55.42000000000001
2023-11-02 18:00:00,44.268505,58.11999999999999
2023-11-02 19:00:00,46.53944,51.23
2023-11-02 20:00:00,45.0876,45.4
2023-11-02 21:00:00,36.86191,41.5
2023-11-02 22:00:00,38.79064,46.38
2023-11-02 23:00:00,40.273365,45.38
2023-11-06 00:00:00,41.3518,26.62
2023-11-06 01:00:00,23.386084,32.8
2023-11-06 02:00:00,27.179493,36.45
2023-11-06 03:00:00,43.826256,74.4
2023-11-06 04:00:00,77.466805,121.67
2023-11-06 05:00:00,107.40413,76.37
2023-11-06 06:00:00,56.19221,37.38
2023-11-06 07:00:00,32.211662,43.38
2023-11-06 08:00:00,29.997923,46.45
2023-11-06 09:00:00,48.53219,36.37
2023-11-06 10:00:00,32.29854,36.05
2023-11-06 11:00:00,40.465744,46.55
2023-11-06 12:00:00,56.626324,80.9
2023-11-06 13:00:00,90.73986,104.18000000000002
2023-11-06 14:00:00,96.42461,91.2
2023-11-06 15:00:00,77.66036,78.42
2023-11-06 16:00:00,65.33991,48.23
2023-11-06 17:00:00,47.026825,65.72
2023-11-06 18:00:00,51.11765,53.07
2023-11-06 19:00:00,57.793156,51.4
2023-11-06 20:00:00,40.271984,37.52
2023-11-06 21:00:00,44.648415,28.6
2023-11-06 22:00:00,23.986591,35.83
2023-11-06 23:00:00,39.803314,40.05
2023-11-08 00:00:00,42.280422,32.95
2023-11-08 01:00:00,34.349255,33.65
2023-11-08 02:00:00,34.002148,37.1
2023-11-08 03:00:00,39.45686,62.67
2023-11-08 04:00:00,63.447308,88.67
2023-11-08 05:00:00,78.34935,30.38
2023-11-08 06:00:00,25.18801,19.4
2023-11-08 07:00:00,14.582614,20.48
2023-11-08 08:00:00,20.7319,17.38
2023-11-08 09:00:00,17.35605,17.32
2023-11-08 10:00:00,22.087643,19.98
2023-11-08 11:00:00,24.457867,28.47
2023-11-08 12:00:00,42.99544,47.75
2023-11-08 13:00:00,58.498943,54.49999999999999
2023-11-08 14:00:00,57.564606,57.70000000000001
2023-11-08 15:00:00,54.064705,51.12
2023-11-08 16:00:00,46.99772,52.6
2023-11-08 17:00:00,44.62158,49.6
2023-11-08 18:00:00,45.109467,47.43
2023-11-08 19:00:00,39.198742,43.05
2023-11-08 20:00:00,39.822052,36.3
2023-11-08 21:00:00,32.068016,34.6
2023-11-08 22:00:00,32.902107,34.45
2023-11-08 23:00:00,31.971327,31.02
2023-11-13 00:00:00,30.880194,16.65
2023-11-13 01:00:00,17.75913,16.57
2023-11-13 02:00:00,18.600283,17.98
2023-11-13 03:00:00,28.414057,19.05
2023-11-13 04:00:00,24.998743,18.22
2023-11-13 05:00:00,22.16755,14.22
2023-11-13 06:00:00,16.609835,15.4
2023-11-13 07:00:00,17.409039,12.3
2023-11-13 08:00:00,15.606224,10.57
2023-11-13 09:00:00,10.963681,10.45
2023-11-13 10:00:00,14.432362,10.32
2023-11-13 11:00:00,14.864513,12.43
2023-11-13 12:00:00,21.635815,31.38
2023-11-13 13:00:00,41.354324,55.75
2023-11-13 14:00:00,57.10712,55.03
2023-11-13 15:00:00,46.546207,51.55
2023-11-13 16:00:00,42.322746,48.15
2023-11-13 17:00:00,40.66435,34.42
2023-11-13 18:00:00,29.468843,43.42
2023-11-13 19:00:00,34.396675,36.62
2023-11-13 20:00:00,35.077164,32.85
2023-11-13 21:00:00,24.855864,26.499999999999996
2023-11-13 22:00:00,28.799782,25.0
2023-11-13 23:00:00,20.934351,23.78
2023-11-25 00:00:00,26.588675,34.92
2023-11-25 01:00:00,34.72458,32.48
2023-11-25 02:00:00,35.646606,31.18
2023-11-25 03:00:00,30.25254,45.92
2023-11-25 04:00:00,46.706436,54.2
2023-11-25 05:00:00,47.35876,44.52
2023-11-25 06:00:00,36.11438,29.5
2023-11-25 07:00:00,20.983643,26.97
2023-11-25 08:00:00,20.858076,22.25
2023-11-25 09:00:00,19.855042,21.42
2023-11-25 10:00:00,19.812422,21.65
2023-11-25 11:00:00,27.412321,37.2
2023-11-25 12:00:00,46.319378,79.35
2023-11-25 13:00:00,87.54781,76.68
2023-11-25 14:00:00,67.19161,84.17
2023-11-25 15:00:00,69.13987,62.12
2023-11-25 16:00:00,54.629295,46.7
2023-11-25 17:00:00,37.903625,56.05
2023-11-25 18:00:00,47.969925,55.42000000000001
2023-11-25 19:00:00,52.27477,54.4
2023-11-25 20:00:00,47.15265,38.35
2023-11-25 21:00:00,37.423565,25.0
2023-11-25 22:00:00,23.670483,29.679999999999996
2023-11-25 23:00:00,28.116022,23.1
2023-11-26 00:00:00,26.899477,24.9
2023-11-26 01:00:00,24.02813,37.65
2023-11-26 02:00:00,46.048424,47.2
2023-11-26 03:00:00,45.684383,60.25000000000001
2023-11-26 04:00:00,57.661934,93.2
2023-11-26 05:00:00,83.493706,99.82
2023-11-26 06:00:00,77.250496,61.20000000000001
2023-11-26 07:00:00,44.10995,37.43
2023-11-26 08:00:00,29.713455,23.9
2023-11-26 09:00:00,23.364092,29.520000000000003
2023-11-26 10:00:00,27.01457,34.27
2023-11-26 11:00:00,43.98544,47.4
2023-11-26 12:00:00,56.302372,70.85
2023-11-26 13:00:00,80.95264,70.15
2023-11-26 14:00:00,65.90691,70.92
2023-11-26 15:00:00,65.08718,70.9
2023-11-26 16:00:00,62.430542,65.62
2023-11-26 17:00:00,57.90633,57.2
2023-11-26 18:00:00,49.50783,51.05
2023-11-26 19:00:00,44.18073,48.4
2023-11-26 20:00:00,42.384388,46.9
2023-11-26 21:00:00,42.46653,43.9
2023-11-26 22:00:00,40.475033,32.17
2023-11-26 23:00:00,31.195688,30.1
2023-11-28 00:00:00,27.838133,26.120000000000005
2023-11-28 01:00:00,27.707783,28.5
2023-11-28 02:00:00,29.263481,33.15
2023-11-28 03:00:00,38.98105,36.45
2023-11-28 04:00:00,37.418346,35.85
2023-11-28 05:00:00,34.72123,32.27
2023-11-28 06:00:00,29.053701,36.55
2023-11-28 07:00:00,32.428623,29.070000000000004
2023-11-28 08:00:00,26.783714,15.300000000000002
2023-11-28 09:00:00,13.613514,18.5
2023-11-28 10:00:00,16.570568,14.75
2023-11-28 11:00:00,20.682112,16.0
2023-11-28 12:00:00,18.282066,25.58
2023-11-28 13:00:00,37.527714,27.9
2023-11-28 14:00:00,31.802675,27.88
2023-11-28 15:00:00,29.713854,24.13
2023-11-28 16:00:00,24.848343,33.45
2023-11-28 17:00:00,34.123604,31.9
2023-11-28 18:00:00,31.519053,29.15
2023-11-28 19:00:00,25.08418,29.750000000000004
2023-11-28 20:00:00,26.640448,26.32
2023-11-28 21:00:00,23.101515,24.0
2023-11-28 22:00:00,21.407576,17.95
2023-11-28 23:00:00,17.70464,17.98
2023-11-30 00:00:00,17.415295,23.32
2023-11-30 01:00:00,25.919348,21.82
2023-11-30 02:00:00,23.708517,18.3
2023-11-30 03:00:00,21.882376,38.62
2023-11-30 04:00:00,46.648125,67.58
2023-11-30 05:00:00,65.90745,100.42
2023-11-30 06:00:00,83.40375,83.3
2023-11-30 07:00:00,61.418118,28.98
2023-11-30 08:00:00,26.032267,25.0
2023-11-30 09:00:00,19.88787,21.15
2023-11-30 10:00:00,26.073135,26.9
2023-11-30 11:00:00,29.885918,38.68
2023-11-30 12:00:00,55.989037,38.48
2023-11-30 13:00:00,44.38425,34.2
2023-11-30 14:00:00,42.994232,35.67
2023-11-30 15:00:00,38.774174,25.12
2023-11-30 16:00:00,30.650618,21.42
2023-11-30 17:00:00,20.961035,25.3
2023-11-30 18:00:00,28.303825,25.45
2023-11-30 19:00:00,26.23276,26.729999999999997
2023-11-30 20:00:00,27.280006,23.95
2023-11-30 21:00:00,23.337833,21.1
2023-11-30 22:00:00,19.684156,17.4
2023-11-30 23:00:00,17.009901,17.83
2023-12-01 00:00:00,16.421644,15.5
2023-12-01 01:00:00,16.91201,14.680000000000001
2023-12-01 02:00:00,14.227941,17.35
2023-12-01 03:00:00,19.740349,27.4
2023-12-01 04:00:00,32.09972,48.4
2023-12-01 05:00:00,51.88338,37.48
2023-12-01 06:00:00,34.481018,18.25
2023-12-01 07:00:00,16.244244,13.88
2023-12-01 08:00:00,12.649669,11.25
2023-12-01 09:00:00,12.641311,13.65
2023-12-01 10:00:00,14.02216,12.12
2023-12-01 11:00:00,15.762641,17.0
2023-12-01 12:00:00,19.203838,21.83
2023-12-01 13:00:00,27.21195,35.48
2023-12-01 14:00:00,38.41121,44.35
2023-12-01 15:00:00,43.44813,39.65
2023-12-01 16:00:00,34.083633,35.77
2023-12-01 17:00:00,29.517666,34.1
2023-12-01 18:00:00,28.396852,37.1
2023-12-01 19:00:00,31.40031,29.73
2023-12-01 20:00:00,26.028736,23.7
2023-12-01 21:00:00,19.516981,28.900000000000002
2023-12-01 22:00:00,25.361662,17.0
2023-12-01 23:00:00,17.770102,16.57
2023-12-02 00:00:00,13.973443,18.9
2023-12-02 01:00:00,20.219301,20.48
2023-12-02 02:00:00,20.289501,21.02
2023-12-02 03:00:00,25.927193,25.45
2023-12-02 04:00:00,31.799177,27.98
2023-12-02 05:00:00,33.01953,25.27
2023-12-02 06:00:00,23.647509,18.68
2023-12-02 07:00:00,16.777802,16.85
2023-12-02 08:00:00,14.480176,16.55
2023-12-02 09:00:00,16.171837,11.65
2023-12-02 10:00:00,12.728629,15.35
2023-12-02 11:00:00,16.290068,17.82
2023-12-02 12:00:00,21.892359,34.25
2023-12-02 13:00:00,39.272213,43.88
2023-12-02 14:00:00,42.89358,50.95
2023-12-02 15:00:00,44.138527,35.52
2023-12-02 16:00:00,30.11477,42.52
2023-12-02 17:00:00,32.635098,42.67
2023-12-02 18:00:00,38.96864,42.75
2023-12-02 19:00:00,32.617584,34.97
2023-12-02 20:00:00,31.533405,31.32
2023-12-02 21:00:00,23.661476,32.7
2023-12-02 22:00:00,29.613306,27.85
2023-12-02 23:00:00,24.477615,26.38
2023-12-03 00:00:00,23.685259,20.12
2023-12-03 01:00:00,20.008162,17.97
2023-12-03 02:00:00,17.301641,33.83
2023-12-03 03:00:00,41.81075,38.9
2023-12-03 04:00:00,39.40595,49.48
2023-12-03 05:00:00,46.036987,45.62
2023-12-03 06:00:00,38.65228,22.82
2023-12-03 07:00:00,18.198452,15.32
2023-12-03 08:00:00,12.659281,11.88
2023-12-03 09:00:00,12.440741,8.12
2023-12-03 10:00:00,9.865914,8.55
2023-12-03 11:00:00,11.855155,30.650000000000002
2023-12-03 12:00:00,43.752625,41.02
2023-12-03 13:00:00,47.242542,53.45000000000001
2023-12-03 14:00:00,50.968063,56.49999999999999
2023-12-03 15:00:00,50.8134,54.49999999999999
2023-12-03 16:00:00,44.654324,50.25
2023-12-03 17:00:00,42.976315,47.88
2023-12-03 18:00:00,38.762486,48.05
2023-12-03 19:00:00,40.413338,45.3
2023-12-03 20:00:00,38.496513,39.72
2023-12-03 21:00:00,33.96228,38.7
2023-12-03 22:00:00,32.765034,27.6
2023-12-03 23:00:00,26.154533,25.7
2023-12-09 00:00:00,21.7135,35.35
2023-12-09 01:00:00,36.13678,35.1
2023-12-09 02:00:00,32.800167,35.0
2023-12-09 03:00:00,32.43337,37.95
2023-12-09 04:00:00,35.687878,31.199999999999996
2023-12-09 05:00:00,28.143509,23.1
2023-12-09 06:00:00,18.798801,16.18
2023-12-09 07:00:00,15.52536,13.6
2023-12-09 08:00:00,12.256356,14.85
2023-12-09 09:00:00,15.049285,13.219999999999999
2023-12-09 10:00:00,15.065208,11.12
2023-12-09 11:00:00,13.512343,11.62
2023-12-09 12:00:00,16.355978,24.45
2023-12-09 13:00:00,34.383736,40.58
2023-12-09 14:00:00,45.147984,44.5
2023-12-09 15:00:00,42.513832,41.1
2023-12-09 16:00:00,36.686756,42.9
2023-12-09 17:00:00,36.6165,44.73
2023-12-09 18:00:00,39.444923,54.67000000000001
2023-12-09 19:00:00,46.664223,50.27
2023-12-09 20:00:00,42.349464,44.07
2023-12-09 21:00:00,34.31634,31.299999999999997
2023-12-09 22:00:00,27.285173,37.6
2023-12-09 23:00:00,28.42333,33.95
2023-12-10 00:00:00,32.837723,28.88
2023-12-10 01:00:00,23.34794,33.85
2023-12-10 02:00:00,33.491264,38.25
2023-12-10 03:00:00,37.908382,29.520000000000003
2023-12-10 04:00:00,28.617401,21.42
2023-12-10 05:00:00,18.124372,17.58
2023-12-10 06:00:00,16.299387,14.18
2023-12-10 07:00:00,13.557022,12.9
2023-12-10 08:00:00,12.705646,12.0
2023-12-10 09:00:00,12.724588,12.95
2023-12-10 10:00:00,15.547662,12.85
2023-12-10 11:00:00,17.719246,15.53
2023-12-10 12:00:00,20.81891,36.8
2023-12-10 13:00:00,47.42779,56.1
2023-12-10 14:00:00,55.692898,58.62
2023-12-10 15:00:00,51.357777,51.38
2023-12-10 16:00:00,42.466805,53.33
2023-12-10 17:00:00,43.75742,51.3
2023-12-10 18:00:00,44.425823,48.4
2023-12-10 19:00:00,39.552094,40.58
2023-12-10 20:00:00,36.417305,38.4
2023-12-10 21:00:00,31.56719,38.6
2023-12-10 22:00:00,36.23558,35.9
2023-12-10 23:00:00,32.646004,31.299999999999997
2023-12-16 00:00:00,31.150002,26.1
2023-12-16 01:00:00,25.114677,27.23
2023-12-16 02:00:00,27.421467,30.749999999999996
2023-12-16 03:00:00,31.528492,48.58
2023-12-16 04:00:00,51.28289,58.3
2023-12-16 05:00:00,52.96581,44.88
2023-12-16 06:00:00,36.802994,40.45
2023-12-16 07:00:00,29.51095,29.070000000000004
2023-12-16 08:00:00,26.296995,22.55
2023-12-16 09:00:00,17.434713,14.8
2023-12-16 10:00:00,17.462221,13.75
2023-12-16 11:00:00,13.395512,14.050000000000002
2023-12-16 12:00:00,20.842537,55.2
2023-12-16 13:00:00,69.61869,73.08
2023-12-16 14:00:00,70.81006,62.220000000000006
2023-12-16 15:00:00,53.288033,57.35
2023-12-16 16:00:00,48.388237,50.03
2023-12-16 17:00:00,46.22013,62.53
2023-12-16 18:00:00,54.738873,54.49999999999999
2023-12-16 19:00:00,50.756542,50.85
2023-12-16 20:00:00,40.21141,37.65
2023-12-16 21:00:00,36.95179,38.6
2023-12-16 22:00:00,30.65432,44.12
2023-12-16 23:00:00,44.788033,40.67
2023-12-17 00:00:00,35.636482,40.8
2023-12-17 01:00:00,38.488285,39.23
2023-12-17 02:00:00,35.450565,37.1
2023-12-17 03:00:00,32.67277,52.480000000000004
2023-12-17 04:00:00,50.408394,76.78
2023-12-17 05:00:00,69.88712,68.35
2023-12-17 06:00:00,53.686016,30.77
2023-12-17 07:00:00,23.559502,20.38
2023-12-17 08:00:00,16.41111,16.38
2023-12-17 09:00:00,17.116537,12.97
2023-12-17 10:00:00,14.775677,18.5
2023-12-17 11:00:00,27.455832,20.23
2023-12-17 12:00:00,30.341923,31.45
2023-12-17 13:00:00,45.21635,38.62
2023-12-17 14:00:00,46.36114,61.35000000000001
2023-12-17 15:00:00,65.27883,62.17
2023-12-17 16:00:00,56.148125,48.12
2023-12-17 17:00:00,39.768215,52.58
2023-12-17 18:00:00,42.430725,39.98
2023-12-17 19:00:00,35.870743,41.4
2023-12-17 20:00:00,32.264767,32.6
2023-12-17 21:00:00,32.983692,28.000000000000004
2023-12-17 22:00:00,22.746778,24.12
2023-12-17 23:00:00,25.80114,25.33
2023-12-18 00:00:00,23.219149,25.1
2023-12-18 01:00:00,27.4219,26.800000000000004
2023-12-18 02:00:00,28.33875,27.0
2023-12-18 03:00:00,29.204826,25.85
2023-12-18 04:00:00,26.402422,22.85
2023-12-18 05:00:00,22.10142,18.72
2023-12-18 06:00:00,18.68128,15.87
2023-12-18 07:00:00,14.500976,12.55
2023-12-18 08:00:00,13.357093,12.1
2023-12-18 09:00:00,11.079521,13.75
2023-12-18 10:00:00,15.441472,13.55
2023-12-18 11:00:00,16.612988,15.77
2023-12-18 12:00:00,22.362402,25.27
2023-12-18 13:00:00,32.783436,39.95
2023-12-18 14:00:00,45.35237,39.83
2023-12-18 15:00:00,37.999702,36.55
2023-12-18 16:00:00,34.30257,36.3
2023-12-18 17:00:00,32.172222,34.83
2023-12-18 18:00:00,32.008846,27.85
2023-12-18 19:00:00,24.48086,21.58
2023-12-18 20:00:00,20.581987,18.9
2023-12-18 21:00:00,18.689108,18.9
2023-12-18 22:00:00,19.923231,16.72
2023-12-18 23:00:00,18.547817,15.679999999999998
2023-12-27 00:00:00,17.407513,22.25
2023-12-27 01:00:00,25.582834,23.6
2023-12-27 02:00:00,26.919466,22.9
2023-12-27 03:00:00,25.767567,25.27
2023-12-27 04:00:00,27.408615,22.65
2023-12-27 05:00:00,21.10808,27.0
2023-12-27 06:00:00,24.254635,35.83
2023-12-27 07:00:00,34.513805,46.67
2023-12-27 08:00:00,42.446354,39.12
2023-12-27 09:00:00,32.541977,32.47
2023-12-27 10:00:00,24.644587,38.83
2023-12-27 11:00:00,32.82128,33.12
2023-12-27 12:00:00,30.04119,32.03
2023-12-27 13:00:00,28.25996,31.35
2023-12-27 14:00:00,32.252026,28.88
2023-12-27 15:00:00,27.183924,25.98
2023-12-27 16:00:00,27.353722,25.05
2023-12-27 17:00:00,24.702003,24.8
2023-12-27 18:00:00,26.344389,21.0
2023-12-27 19:00:00,21.691595,19.65
2023-12-27 20:00:00,19.659212,15.750000000000002
2023-12-27 21:00:00,17.080387,12.6
2023-12-27 22:00:00,13.049011,10.18
2023-12-27 23:00:00,11.94779,9.8
2024-01-01 00:00:00,11.050921,14.1
2024-01-01 01:00:00,17.471992,14.35
2024-01-01 02:00:00,15.71936,12.7
2024-01-01 03:00:00,13.334822,11.15
2024-01-01 04:00:00,11.363071,12.93
2024-01-01 05:00:00,12.617534,14.22
2024-01-01 06:00:00,13.700881,15.92
2024-01-01 07:00:00,14.571306,16.9
2024-01-01 08:00:00,15.641714,17.38
2024-01-01 09:00:00,15.433331,15.92
2024-01-01 10:00:00,14.679873,12.55
2024-01-01 11:00:00,12.233721,12.15
2024-01-01 12:00:00,12.577049,12.88
2024-01-01 13:00:00,13.527192,20.02
2024-01-01 14:00:00,21.687487,25.5
2024-01-01 15:00:00,25.751871,25.28
2024-01-01 16:00:00,23.785961,22.45
2024-01-01 17:00:00,19.613508,24.42
2024-01-01 18:00:00,20.82597,27.88
2024-01-01 19:00:00,24.587543,27.58
2024-01-01 20:00:00,22.738213,23.5
2024-01-01 21:00:00,19.443983,20.3
2024-01-01 22:00:00,16.703806,15.9
2024-01-01 23:00:00,15.05353,17.55
2024-01-04 00:00:00,15.269246,15.12
2024-01-04 01:00:00,15.573179,16.27
2024-01-04 02:00:00,14.731901,16.77
2024-01-04 03:00:00,17.595058,15.179999999999998
2024-01-04 04:00:00,14.541696,14.22
2024-01-04 05:00:00,15.083915,14.680000000000001
2024-01-04 06:00:00,16.185612,15.020000000000001
2024-01-04 07:00:00,16.237028,16.88
2024-01-04 08:00:00,17.854567,28.230000000000004
2024-01-04 09:00:00,33.16145,31.07
2024-01-04 10:00:00,31.433987,33.67
2024-01-04 11:00:00,30.591356,33.8
2024-01-04 12:00:00,30.42754,36.05
2024-01-04 13:00:00,30.618866,38.35
2024-01-04 14:00:00,33.722343,34.38
2024-01-04 15:00:00,28.43995,34.9
2024-01-04 16:00:00,29.014843,34.05
2024-01-04 17:00:00,28.891893,33.65
2024-01-04 18:00:00,28.009922,32.28
2024-01-04 19:00:00,27.653568,32.07
2024-01-04 20:00:00,26.745977,29.520000000000003
2024-01-04 21:00:00,25.623058,26.700000000000003
2024-01-04 22:00:00,22.730146,22.77
2024-01-04 23:00:00,20.832191,20.35
2024-01-05 00:00:00,18.259083,20.05
2024-01-05 01:00:00,18.789015,18.82
2024-01-05 02:00:00,18.092915,20.98
2024-01-05 03:00:00,20.332552,23.52
2024-01-05 04:00:00,24.074306,26.499999999999996
2024-01-05 05:00:00,26.215113,30.22
2024-01-05 06:00:00,29.91646,33.55
2024-01-05 07:00:00,31.15262,40.58
2024-01-05 08:00:00,38.52262,35.15
2024-01-05 09:00:00,29.65533,39.7
2024-01-05 10:00:00,32.6639,41.73
2024-01-05 11:00:00,36.51858,34.83
2024-01-05 12:00:00,28.71918,35.6
2024-01-05 13:00:00,30.069475,38.5
2024-01-05 14:00:00,35.013294,35.42
2024-01-05 15:00:00,30.448544,33.52
2024-01-05 16:00:00,29.59152,31.55
2024-01-05 17:00:00,28.582104,26.3
2024-01-05 18:00:00,24.772505,23.4
2024-01-05 19:00:00,21.445686,18.8
2024-01-05 20:00:00,19.310469,20.43
2024-01-05 21:00:00,18.77949,20.1
2024-01-05 22:00:00,21.30699,19.68
2024-01-05 23:00:00,18.171352,18.08
2024-01-07 00:00:00,18.559872,34.0
2024-01-07 01:00:00,37.16676,37.92
2024-01-07 02:00:00,36.957912,40.2
2024-01-07 03:00:00,33.799583,41.0
2024-01-07 04:00:00,35.301853,43.0
2024-01-07 05:00:00,35.19769,38.35
2024-01-07 06:00:00,32.291817,38.25
2024-01-07 07:00:00,31.508959,40.23
2024-01-07 08:00:00,36.44443,42.12
2024-01-07 09:00:00,37.04195,38.52
2024-01-07 10:00:00,34.613434,30.749999999999996
2024-01-07 11:00:00,27.239552,30.22
2024-01-07 12:00:00,27.073723,36.3
2024-01-07 13:00:00,36.04245,43.02
2024-01-07 14:00:00,42.18051,48.4
2024-01-07 15:00:00,45.823784,55.38
2024-01-07 16:00:00,51.16528,53.779999999999994
2024-01-07 17:00:00,46.56437,45.98
2024-01-07 18:00:00,38.331345,36.38
2024-01-07 19:00:00,30.43081,41.15
2024-01-07 20:00:00,33.702908,43.15
2024-01-07 21:00:00,40.76287,35.9
2024-01-07 22:00:00,30.564375,34.67
2024-01-07 23:00:00,31.147503,33.1
2024-01-11 00:00:00,30.500076,20.02
2024-01-11 01:00:00,19.514702,20.92
2024-01-11 02:00:00,18.466263,24.78
2024-01-11 03:00:00,27.966213,25.5
2024-01-11 04:00:00,25.571009,25.65
2024-01-11 05:00:00,27.610271,26.55
2024-01-11 06:00:00,27.740032,27.53
2024-01-11 07:00:00,28.263643,31.670000000000005
2024-01-11 08:00:00,32.696163,30.200000000000003
2024-01-11 09:00:00,29.25918,28.35
2024-01-11 10:00:00,25.980555,28.02
2024-01-11 11:00:00,25.812878,26.6
2024-01-11 12:00:00,25.258287,32.9
2024-01-11 13:00:00,31.401539,40.68
2024-01-11 14:00:00,40.54512,49.0
2024-01-11 15:00:00,44.60255,55.8
2024-01-11 16:00:00,48.74665,55.0
2024-01-11 17:00:00,44.836395,44.95
2024-01-11 18:00:00,36.083782,45.75
2024-01-11 19:00:00,35.271576,42.8
2024-01-11 20:00:00,37.3555,40.7
2024-01-11 21:00:00,33.001213,36.1
2024-01-11 22:00:00,33.423832,35.12
2024-01-11 23:00:00,31.497128,33.27
2024-01-12 00:00:00,33.64237,32.3
2024-01-12 01:00:00,30.98,29.7
2024-01-12 02:00:00,30.997015,30.619999999999997
2024-01-12 03:00:00,30.296453,30.78
2024-01-12 04:00:00,31.556334,28.000000000000004
2024-01-12 05:00:00,27.476242,30.270000000000003
2024-01-12 06:00:00,29.834179,33.45
2024-01-12 07:00:00,34.60177,31.45
2024-01-12 08:00:00,29.514065,28.98
2024-01-12 09:00:00,26.866745,28.7
2024-01-12 10:00:00,26.194004,29.12
2024-01-12 11:00:00,28.222427,29.82
2024-01-12 12:00:00,28.920055,34.8
2024-01-12 13:00:00,35.781643,49.27
2024-01-12 14:00:00,51.47474,58.519999999999996
2024-01-12 15:00:00,53.65309,61.699999999999996
2024-01-12 16:00:00,52.972836,64.7
2024-01-12 17:00:00,53.788445,63.97
2024-01-12 18:00:00,53.288406,53.52
2024-01-12 19:00:00,44.620125,52.15
2024-01-12 20:00:00,42.07369,41.12
2024-01-12 21:00:00,37.904095,34.1
2024-01-12 22:00:00,28.312822,25.4
2024-01-12 23:00:00,26.973171,35.02
2024-01-14 00:00:00,31.897741,40.55
2024-01-14 01:00:00,45.504505,39.72
2024-01-14 02:00:00,35.64902,39.1
2024-01-14 03:00:00,38.33769,36.0
2024-01-14 04:00:00,32.781788,35.08
2024-01-14 05:00:00,32.55257,33.52
2024-01-14 06:00:00,31.707573,30.849999999999998
2024-01-14 07:00:00,28.94807,38.7
2024-01-14 08:00:00,37.915,47.05
2024-01-14 09:00:00,46.231537,47.8
2024-01-14 10:00:00,42.121033,41.33
2024-01-14 11:00:00,36.31852,45.95
2024-01-14 12:00:00,39.833992,49.85
2024-01-14 13:00:00,47.470814,61.07
2024-01-14 14:00:00,56.208046,55.279999999999994
2024-01-14 15:00:00,49.560024,33.27
2024-01-14 16:00:00,26.920893,9.87
2024-01-14 17:00:00,15.130697,28.900000000000002
2024-01-14 18:00:00,23.770931,37.05
2024-01-14 19:00:00,47.466236,30.22
2024-01-14 20:00:00,26.705442,25.68
2024-01-14 21:00:00,28.638977,19.6
2024-01-14 22:00:00,20.60615,36.38
2024-01-14 23:00:00,39.433964,39.48
2024-01-17 00:00:00,41.775166,52.6
2024-01-17 01:00:00,47.86552,50.2
2024-01-17 02:00:00,45.987335,45.27
2024-01-17 03:00:00,35.446262,40.8
2024-01-17 04:00:00,35.753315,43.5
2024-01-17 05:00:00,35.472446,47.65
2024-01-17 06:00:00,44.151253,52.38000000000001
2024-01-17 07:00:00,45.209457,57.17
2024-01-17 08:00:00,51.231186,61.4
2024-01-17 09:00:00,52.53946,57.99999999999999
2024-01-17 10:00:00,49.13195,57.4
2024-01-17 11:00:00,47.075733,57.800000000000004
2024-01-17 12:00:00,51.08782,83.22
2024-01-17 13:00:00,76.2522,96.72
2024-01-17 14:00:00,82.25742,91.7
2024-01-17 15:00:00,73.16611,88.08
2024-01-17 16:00:00,72.761345,73.0
2024-01-17 17:00:00,61.919228,65.62
2024-01-17 18:00:00,54.526527,54.25
2024-01-17 19:00:00,50.876812,50.9
2024-01-17 20:00:00,44.703167,43.5
2024-01-17 21:00:00,45.003464,41.7
2024-01-17 22:00:00,40.01059,35.9
2024-01-17 23:00:00,41.59293,41.35
2024-01-18 00:00:00,42.281406,41.95
2024-01-18 01:00:00,46.306103,39.73
2024-01-18 02:00:00,38.33441,43.4
2024-01-18 03:00:00,42.547276,39.7
2024-01-18 04:00:00,37.478783,40.12
2024-01-18 05:00:00,34.37194,45.08
2024-01-18 06:00:00,43.982975,57.70000000000001
2024-01-18 07:00:00,54.255024,72.33
2024-01-18 08:00:00,66.54081,82.9
2024-01-18 09:00:00,67.318886,76.7
2024-01-18 10:00:00,62.43742,66.53
2024-01-18 11:00:00,51.55363,60.5
2024-01-18 12:00:00,52.01594,58.8
2024-01-18 13:00:00,48.796455,71.43
2024-01-18 14:00:00,65.43413,71.9
2024-01-18 15:00:00,60.200138,64.03
2024-01-18 16:00:00,54.741264,51.42
2024-01-18 17:00:00,45.156242,41.28
2024-01-18 18:00:00,37.077133,35.22
2024-01-18 19:00:00,32.456905,32.5
2024-01-18 20:00:00,31.939466,30.55
2024-01-18 21:00:00,33.219776,32.5
2024-01-18 22:00:00,35.96388,39.1
2024-01-18 23:00:00,46.2119,39.23
2024-01-25 00:00:00,41.526752,22.9
2024-01-25 01:00:00,23.732927,20.57
2024-01-25 02:00:00,18.219893,22.15
2024-01-25 03:00:00,23.932085,22.75
2024-01-25 04:00:00,23.337545,22.57
2024-01-25 05:00:00,25.229641,27.0
2024-01-25 06:00:00,30.277338,29.82
2024-01-25 07:00:00,32.934235,33.57
2024-01-25 08:00:00,35.010147,43.22
2024-01-25 09:00:00,44.719536,50.08
2024-01-25 10:00:00,47.601284,49.0
2024-01-25 11:00:00,45.562424,46.52
2024-01-25 12:00:00,43.465168,43.27
2024-01-25 13:00:00,40.630413,54.1
2024-01-25 14:00:00,51.671646,58.08
2024-01-25 15:00:00,53.271046,50.8
2024-01-25 16:00:00,44.045494,38.5
2024-01-25 17:00:00,33.351437,52.849999999999994
2024-01-25 18:00:00,45.236523,23.42
2024-01-25 19:00:00,25.201015,22.77
2024-01-25 20:00:00,17.209187,21.77
2024-01-25 21:00:00,26.167109,10.3
2024-01-25 22:00:00,11.311824,8.55
2024-01-25 23:00:00,13.131381,5.95
2024-01-26 00:00:00,9.872455,12.9
2024-01-26 01:00:00,19.75048,23.95
2024-01-26 02:00:00,34.590427,27.119999999999997
2024-01-26 03:00:00,31.207565,25.08
2024-01-26 04:00:00,26.771477,48.72
2024-01-26 05:00:00,50.996788,55.019999999999996
2024-01-26 06:00:00,51.184715,58.92000000000001
2024-01-26 07:00:00,49.6364,52.99999999999999
2024-01-26 08:00:00,46.409035,36.57
2024-01-26 09:00:00,29.578821,25.97
2024-01-26 10:00:00,23.26787,21.7
2024-01-26 11:00:00,20.81744,19.65
2024-01-26 12:00:00,23.074892,24.7
2024-01-26 13:00:00,29.795942,32.62
2024-01-26 14:00:00,41.448006,30.679999999999996
2024-01-26 15:00:00,34.15226,21.23
2024-01-26 16:00:00,23.231205,12.17
2024-01-26 17:00:00,13.836415,5.95
2024-01-26 18:00:00,9.449175,1.0
2024-01-26 19:00:00,5.9246726,15.750000000000002
2024-01-26 20:00:00,22.391888,16.35
2024-01-26 21:00:00,24.202578,13.0
2024-01-26 22:00:00,15.097911,27.07
2024-01-26 23:00:00,32.64016,31.38
2024-01-27 00:00:00,30.200546,38.33
2024-01-27 01:00:00,34.729996,46.47
2024-01-27 02:00:00,41.612522,46.85
2024-01-27 03:00:00,37.867348,52.17
2024-01-27 04:00:00,43.023018,51.35
2024-01-27 05:00:00,41.17577,51.45
2024-01-27 06:00:00,40.830563,38.62
2024-01-27 07:00:00,32.138218,32.02
2024-01-27 08:00:00,25.000273,24.32
2024-01-27 09:00:00,24.034536,22.2
2024-01-27 10:00:00,19.892872,21.72
2024-01-27 11:00:00,24.650087,23.05
2024-01-27 12:00:00,25.616964,29.25
2024-01-27 13:00:00,36.205585,59.2
2024-01-27 14:00:00,67.612114,71.55
2024-01-27 15:00:00,64.77414,78.3
2024-01-27 16:00:00,66.73758,96.7
2024-01-27 17:00:00,80.29701,83.42
2024-01-27 18:00:00,64.20687,71.1
2024-01-27 19:00:00,53.388554,73.9
2024-01-27 20:00:00,56.516773,80.12
2024-01-27 21:00:00,67.0314,55.5
2024-01-27 22:00:00,44.510036,48.22
2024-01-27 23:00:00,37.50558,43.05
2024-01-28 00:00:00,40.422638,39.73
2024-01-28 01:00:00,36.522827,35.52
2024-01-28 02:00:00,38.321003,28.98
2024-01-28 03:00:00,32.34465,40.2
2024-01-28 04:00:00,46.748272,97.83
2024-01-28 05:00:00,108.77184,114.57
2024-01-28 06:00:00,96.07994,126.35
2024-01-28 07:00:00,98.74573,109.22
2024-01-28 08:00:00,84.40223,94.6
2024-01-28 09:00:00,74.25182,77.78
2024-01-28 10:00:00,66.65094,81.4
2024-01-28 11:00:00,65.03998,80.07
2024-01-28 12:00:00,75.965195,68.93
2024-01-28 13:00:00,59.84277,77.25
2024-01-28 14:00:00,69.91329,70.85
2024-01-28 15:00:00,63.315765,61.95
2024-01-28 16:00:00,51.829002,51.28
2024-01-28 17:00:00,45.742268,42.88
2024-01-28 18:00:00,37.328693,41.23
2024-01-28 19:00:00,37.87466,40.95
2024-01-28 20:00:00,38.115788,40.55
2024-01-28 21:00:00,39.409878,40.3
2024-01-28 22:00:00,38.580177,43.48
2024-01-28 23:00:00,42.867023,42.17
2024-02-05 00:00:00,40.094566,22.98
2024-02-05 01:00:00,20.373404,25.73
2024-02-05 02:00:00,20.25673,25.98
2024-02-05 03:00:00,28.003214,27.92
2024-02-05 04:00:00,25.363302,26.250000000000004
2024-02-05 05:00:00,27.678846,20.52
2024-02-05 06:00:00,17.985077,19.0
2024-02-05 07:00:00,17.873167,16.02
2024-02-05 08:00:00,15.749571,17.85
2024-02-05 09:00:00,17.015528,18.05
2024-02-05 10:00:00,20.009193,20.0
2024-02-05 11:00:00,19.889854,18.57
2024-02-05 12:00:00,23.996702,19.15
2024-02-05 13:00:00,21.005814,26.250000000000004
2024-02-05 14:00:00,34.46416,34.35
2024-02-05 15:00:00,39.753517,28.05
2024-02-05 16:00:00,31.570887,22.95
2024-02-05 17:00:00,21.693079,24.35
2024-02-05 18:00:00,25.51306,21.85
2024-02-05 19:00:00,23.533863,25.32
2024-02-05 20:00:00,25.911068,24.48
2024-02-05 21:00:00,24.577696,18.6
2024-02-05 22:00:00,18.772354,15.720000000000002
2024-02-05 23:00:00,15.782181,18.88
2024-02-07 00:00:00,19.379778,28.95
2024-02-07 01:00:00,31.416729,33.08
2024-02-07 02:00:00,32.879765,42.08
2024-02-07 03:00:00,46.59772,47.7
2024-02-07 04:00:00,48.919056,38.6
2024-02-07 05:00:00,39.491436,24.35
2024-02-07 06:00:00,23.611893,15.700000000000001
2024-02-07 07:00:00,17.95371,14.28
2024-02-07 08:00:00,15.611096,14.2
2024-02-07 09:00:00,19.270704,13.95
2024-02-07 10:00:00,20.35137,17.75
2024-02-07 11:00:00,25.43819,19.4
2024-02-07 12:00:00,28.036766,21.27
2024-02-07 13:00:00,27.17518,27.420000000000005
2024-02-07 14:00:00,34.069706,29.8
2024-02-07 15:00:00,31.308392,36.9
2024-02-07 16:00:00,37.617386,41.4
2024-02-07 17:00:00,38.46093,36.77
2024-02-07 18:00:00,32.367825,26.42
2024-02-07 19:00:00,22.0596,24.73
2024-02-07 20:00:00,20.882944,26.700000000000003
2024-02-07 21:00:00,25.539381,25.3
2024-02-07 22:00:00,24.206684,21.27
2024-02-07 23:00:00,20.296896,21.6
2024-02-11 00:00:00,20.35566,34.73
2024-02-11 01:00:00,39.053734,37.05
2024-02-11 02:00:00,35.332447,40.45
2024-02-11 03:00:00,36.561047,47.78
2024-02-11 04:00:00,43.993977,56.92999999999999
2024-02-11 05:00:00,50.02695,50.45
2024-02-11 06:00:00,41.147892,51.67
2024-02-11 07:00:00,40.443264,35.6
2024-02-11 08:00:00,30.02126,28.680000000000003
2024-02-11 09:00:00,21.519829,24.65
2024-02-11 10:00:00,23.486069,21.77
2024-02-11 11:00:00,19.635946,22.83
2024-02-11 12:00:00,25.216806,23.27
2024-02-11 13:00:00,25.608175,36.33
2024-02-11 14:00:00,43.257183,54.72
2024-02-11 15:00:00,57.345448,64.62
2024-02-11 16:00:00,58.481194,60.15
2024-02-11 17:00:00,50.467106,52.73
2024-02-11 18:00:00,42.648113,55.73
2024-02-11 19:00:00,45.52956,55.35
2024-02-11 20:00:00,46.79888,51.05
2024-02-11 21:00:00,41.8179,45.0
2024-02-11 22:00:00,38.87111,45.23
2024-02-11 23:00:00,39.234615,46.1
2024-02-16 00:00:00,43.558468,39.02
2024-02-16 01:00:00,36.86449,45.42
2024-02-16 02:00:00,43.210785,41.2
2024-02-16 03:00:00,40.44846,61.55
2024-02-16 04:00:00,56.960964,56.53
2024-02-16 05:00:00,49.776844,43.12
2024-02-16 06:00:00,31.566694,38.02
2024-02-16 07:00:00,31.014538,36.88
2024-02-16 08:00:00,29.833048,28.149999999999995
2024-02-16 09:00:00,26.544535,25.4
2024-02-16 10:00:00,22.431732,19.95
2024-02-16 11:00:00,22.341175,19.32
2024-02-16 12:00:00,19.819284,29.650000000000002
2024-02-16 13:00:00,37.114166,55.220000000000006
2024-02-16 14:00:00,63.58321,83.85
2024-02-16 15:00:00,77.55801,81.92
2024-02-16 16:00:00,68.31758,83.6
2024-02-16 17:00:00,64.08338,51.2
2024-02-16 18:00:00,42.744663,56.75000000000001
2024-02-16 19:00:00,39.52988,60.71999999999999
2024-02-16 20:00:00,57.800526,60.25000000000001
2024-02-16 21:00:00,47.531105,30.600000000000005
2024-02-16 22:00:00,30.575577,60.52
2024-02-16 23:00:00,47.922653,61.4
2024-02-20 00:00:00,63.39813,46.57
2024-02-20 01:00:00,33.242466,45.92
2024-02-20 02:00:00,44.85893,45.6
2024-02-20 03:00:00,41.118717,52.4
2024-02-20 04:00:00,51.486633,51.92000000000001
2024-02-20 05:00:00,49.8749,46.65
2024-02-20 06:00:00,41.407036,50.98
2024-02-20 07:00:00,46.26292,47.67
2024-02-20 08:00:00,41.555267,43.53
2024-02-20 09:00:00,37.151478,45.67
2024-02-20 10:00:00,39.14821,39.15
2024-02-20 11:00:00,35.622173,33.05
2024-02-20 12:00:00,28.719547,29.88
2024-02-20 13:00:00,30.55292,49.83
2024-02-20 14:00:00,54.022827,78.9
2024-02-20 15:00:00,78.932495,95.08
2024-02-20 16:00:00,80.36749,96.97
2024-02-20 17:00:00,79.19492,68.75
2024-02-20 18:00:00,54.685616,80.42
2024-02-20 19:00:00,62.618244,75.9
2024-02-20 20:00:00,69.402374,45.0
2024-02-20 21:00:00,35.872673,25.6
2024-02-20 22:00:00,28.603874,30.77
2024-02-20 23:00:00,28.66636,34.23
2024-02-22 00:00:00,44.545967,45.33
2024-02-22 01:00:00,52.822323,56.65
2024-02-22 02:00:00,65.93694,50.58
2024-02-22 03:00:00,51.965824,52.9
2024-02-22 04:00:00,49.76295,45.83
2024-02-22 05:00:00,44.375244,36.9
2024-02-22 06:00:00,31.950289,29.08
2024-02-22 07:00:00,28.231445,24.62
2024-02-22 08:00:00,21.768217,19.72
2024-02-22 09:00:00,21.594812,18.55
2024-02-22 10:00:00,18.043638,16.62
2024-02-22 11:00:00,21.098719,16.62
2024-02-22 12:00:00,20.82775,14.3
2024-02-22 13:00:00,23.53965,21.72
2024-02-22 14:00:00,30.617764,36.75
2024-02-22 15:00:00,49.772114,43.12
2024-02-22 16:00:00,44.144527,33.48
2024-02-22 17:00:00,33.48954,30.979999999999997
2024-02-22 18:00:00,27.082567,27.72
2024-02-22 19:00:00,28.659597,28.75
2024-02-22 20:00:00,24.873932,33.07
2024-02-22 21:00:00,35.61026,31.7
2024-02-22 22:00:00,30.844551,44.65
2024-02-22 23:00:00,45.403625,44.75
2024-02-23 00:00:00,41.194675,43.27
2024-02-23 01:00:00,37.857426,34.67
2024-02-23 02:00:00,31.741741,53.15
2024-02-23 03:00:00,48.37989,60.3
2024-02-23 04:00:00,55.523613,52.47
2024-02-23 05:00:00,42.20759,38.17
2024-02-23 06:00:00,32.670887,27.380000000000003
2024-02-23 07:00:00,23.443554,18.4
2024-02-23 08:00:00,20.330364,17.98
2024-02-23 09:00:00,18.560751,15.62
2024-02-23 10:00:00,20.658344,11.3
2024-02-23 11:00:00,15.03747,17.3
2024-02-23 12:00:00,25.35321,16.73
2024-02-23 13:00:00,28.918432,22.77
2024-02-23 14:00:00,32.397213,48.67
2024-02-23 15:00:00,63.74693,79.15
2024-02-23 16:00:00,73.4258,75.5
2024-02-23 17:00:00,65.304245,75.95
2024-02-23 18:00:00,59.57038,51.12
2024-02-23 19:00:00,43.71574,70.95
2024-02-23 20:00:00,51.890068,77.12
2024-02-23 21:00:00,68.68515,82.9
2024-02-23 22:00:00,63.55809,72.12
2024-02-23 23:00:00,64.01945,55.10000000000001
2024-02-27 00:00:00,44.290905,47.8
2024-02-27 01:00:00,43.068794,28.6
2024-02-27 02:00:00,30.639145,22.07
2024-02-27 03:00:00,23.339355,27.82
2024-02-27 04:00:00,32.942936,29.619999999999997
2024-02-27 05:00:00,33.136295,32.97
2024-02-27 06:00:00,37.837414,33.57
2024-02-27 07:00:00,33.96637,27.5
2024-02-27 08:00:00,28.087204,19.15
2024-02-27 09:00:00,17.026178,16.12
2024-02-27 10:00:00,15.205143,13.770000000000001
2024-02-27 11:00:00,13.035434,15.03
2024-02-27 12:00:00,15.5664425,16.12
2024-02-27 13:00:00,19.465782,23.32
2024-02-27 14:00:00,29.186829,35.33
2024-02-27 15:00:00,42.049686,55.8
2024-02-27 16:00:00,56.0284,51.52
2024-02-27 17:00:00,44.908947,49.12
2024-02-27 18:00:00,39.772533,42.42
2024-02-27 19:00:00,37.233738,39.02
2024-02-27 20:00:00,32.05403,31.649999999999995
2024-02-27 21:00:00,30.91236,24.9
2024-02-27 22:00:00,23.355606,23.3
2024-02-27 23:00:00,24.504002,24.18
2024-02-29 00:00:00,25.672998,29.619999999999997
2024-02-29 01:00:00,34.16159,33.7
2024-02-29 02:00:00,37.85775,40.05
2024-02-29 03:00:00,42.11632,48.4
2024-02-29 04:00:00,48.625862,41.92
2024-02-29 05:00:00,36.33447,33.88
2024-02-29 06:00:00,27.361843,25.2
2024-02-29 07:00:00,21.725197,21.9
2024-02-29 08:00:00,18.48097,15.599999999999998
2024-02-29 09:00:00,16.532394,17.43
2024-02-29 10:00:00,16.188255,17.65
2024-02-29 11:00:00,20.031889,18.3
2024-02-29 12:00:00,19.358303,19.32
2024-02-29 13:00:00,24.564655,28.8
2024-02-29 14:00:00,38.788986,64.3
2024-02-29 15:00:00,73.22412,83.22
2024-02-29 16:00:00,74.63972,81.38
2024-02-29 17:00:00,65.086655,69.75
2024-02-29 18:00:00,57.232414,63.42
2024-02-29 19:00:00,53.7874,58.53
2024-02-29 20:00:00,53.06983,66.83
2024-02-29 21:00:00,60.81879,58.89999999999999
2024-02-29 22:00:00,54.786674,50.9
2024-02-29 23:00:00,43.573498,56.669999999999995
2024-03-01 00:00:00,50.6511,55.0
2024-03-01 01:00:00,48.57728,60.62
2024-03-01 02:00:00,53.10027,54.75
2024-03-01 03:00:00,48.43602,85.33
2024-03-01 04:00:00,75.01226,104.12
2024-03-01 05:00:00,87.84269,83.93
2024-03-01 06:00:00,62.4498,82.08
2024-03-01 07:00:00,61.03312,76.42
2024-03-01 08:00:00,61.235962,61.27
2024-03-01 09:00:00,47.683445,52.330000000000005
2024-03-01 10:00:00,43.535004,50.17
2024-03-01 11:00:00,42.224197,58.48
2024-03-01 12:00:00,56.771973,74.22
2024-03-01 13:00:00,75.26394,67.9
2024-03-01 14:00:00,64.23933,78.4
2024-03-01 15:00:00,71.104836,92.75
2024-03-01 16:00:00,85.05039,93.75
2024-03-01 17:00:00,76.819725,77.07
2024-03-01 18:00:00,64.850204,67.08
2024-03-01 19:00:00,52.655983,67.53
2024-03-01 20:00:00,56.119236,57.47
2024-03-01 21:00:00,50.376793,41.5
2024-03-01 22:00:00,37.211285,38.5
2024-03-01 23:00:00,34.541172,42.83
2024-03-05 00:00:00,44.52638,22.07
2024-03-05 01:00:00,24.587927,23.5
2024-03-05 02:00:00,23.966301,25.93
2024-03-05 03:00:00,31.798702,27.770000000000003
2024-03-05 04:00:00,28.973064,23.35
2024-03-05 05:00:00,26.04071,20.9
2024-03-05 06:00:00,19.45943,14.9
2024-03-05 07:00:00,16.350178,13.619999999999997
2024-03-05 08:00:00,12.458148,13.899999999999999
2024-03-05 09:00:00,14.9964905,13.169999999999998
2024-03-05 10:00:00,12.868686,11.35
2024-03-05 11:00:00,12.463175,13.57
2024-03-05 12:00:00,14.31396,12.68
2024-03-05 13:00:00,17.150362,18.73
2024-03-05 14:00:00,24.426172,25.22
2024-03-05 15:00:00,32.373764,27.699999999999996
2024-03-05 16:00:00,29.344448,26.1
2024-03-05 17:00:00,26.696894,22.2
2024-03-05 18:00:00,21.487741,18.02
2024-03-05 19:00:00,19.298567,17.2
2024-03-05 20:00:00,17.40579,14.680000000000001
2024-03-05 21:00:00,16.903772,12.5
2024-03-05 22:00:00,14.228117,17.77
2024-03-05 23:00:00,21.481173,20.58
2024-03-07 00:00:00,23.759645,53.15
2024-03-07 01:00:00,58.534714,53.62
2024-03-07 02:00:00,50.650204,51.03
2024-03-07 03:00:00,45.10346,53.67
2024-03-07 04:00:00,48.498154,38.47
2024-03-07 05:00:00,34.143394,28.319999999999997
2024-03-07 06:00:00,24.59092,16.73
2024-03-07 07:00:00,20.171476,16.02
2024-03-07 08:00:00,16.049706,15.05
2024-03-07 09:00:00,20.72463,14.2
2024-03-07 10:00:00,17.808466,13.8
2024-03-07 11:00:00,22.812267,16.03
2024-03-07 12:00:00,23.21871,18.52
2024-03-07 13:00:00,28.240969,24.82
2024-03-07 14:00:00,35.3247,52.82999999999999
2024-03-07 15:00:00,64.31751,71.72
2024-03-07 16:00:00,67.079094,56.83
2024-03-07 17:00:00,48.40897,40.83
2024-03-07 18:00:00,31.32021,37.15
2024-03-07 19:00:00,30.531986,68.58
2024-03-07 20:00:00,63.742943,74.65
2024-03-07 21:00:00,64.08234,90.2
2024-03-07 22:00:00,73.70028,64.83
2024-03-07 23:00:00,54.449417,55.220000000000006
2024-03-18 00:00:00,40.544865,38.62
2024-03-18 01:00:00,38.255543,33.2
2024-03-18 02:00:00,26.914272,54.150000000000006
2024-03-18 03:00:00,58.23635,57.75
2024-03-18 04:00:00,53.94539,49.1
2024-03-18 05:00:00,43.61339,39.05
2024-03-18 06:00:00,34.19638,26.800000000000004
2024-03-18 07:00:00,25.927788,17.15
2024-03-18 08:00:00,17.756489,12.62
2024-03-18 09:00:00,14.7073555,12.88
2024-03-18 10:00:00,15.077755,16.2
2024-03-18 11:00:00,20.81194,12.95
2024-03-18 12:00:00,17.99384,13.1
2024-03-18 13:00:00,15.395179,19.75
2024-03-18 14:00:00,26.847666,45.25
2024-03-18 15:00:00,52.353813,57.3
2024-03-18 16:00:00,52.247143,58.35
2024-03-18 17:00:00,46.448936,55.92
2024-03-18 18:00:00,44.24044,65.2
2024-03-18 19:00:00,51.17649,67.67
2024-03-18 20:00:00,53.296402,66.53
2024-03-18 21:00:00,51.00934,58.8
2024-03-18 22:00:00,47.86414,46.7
2024-03-18 23:00:00,39.477406,52.43
2024-03-25 00:00:00,44.573036,25.35
2024-03-25 01:00:00,26.410534,18.5
2024-03-25 02:00:00,16.943207,17.88
2024-03-25 03:00:00,21.744741,17.72
2024-03-25 04:00:00,18.24447,17.07
2024-03-25 05:00:00,21.320543,10.68
2024-03-25 06:00:00,12.540484,7.720000000000001
2024-03-25 07:00:00,9.791912,7.650000000000001
2024-03-25 08:00:00,9.321564,6.4
2024-03-25 09:00:00,8.454044,5.72
2024-03-25 10:00:00,7.438731,5.8
2024-03-25 11:00:00,7.3024526,6.3
2024-03-25 12:00:00,8.094148,7.33
2024-03-25 13:00:00,10.737233,9.65
2024-03-25 14:00:00,14.551379,19.05
2024-03-25 15:00:00,24.405079,24.62
2024-03-25 16:00:00,26.016262,24.23
2024-03-25 17:00:00,22.290264,18.88
2024-03-25 18:00:00,19.165854,25.95
2024-03-25 19:00:00,24.399733,17.85
2024-03-25 20:00:00,21.054878,12.0
2024-03-25 21:00:00,11.183876,10.0
2024-03-25 22:00:00,12.380696,8.88
2024-03-25 23:00:00,9.417511,9.68
2024-03-27 00:00:00,11.709895,52.17
2024-03-27 01:00:00,59.557625,33.23
2024-03-27 02:00:00,33.497818,43.28
2024-03-27 03:00:00,34.049183,38.27
2024-03-27 04:00:00,37.147488,25.18
2024-03-27 05:00:00,17.85947,28.6
2024-03-27 06:00:00,23.595163,38.95
2024-03-27 07:00:00,33.311745,50.05
2024-03-27 08:00:00,43.38984,35.7
2024-03-27 09:00:00,29.148813,13.5
2024-03-27 10:00:00,12.708155,9.18
2024-03-27 11:00:00,8.004709,9.55
2024-03-27 12:00:00,11.807897,11.68
2024-03-27 13:00:00,15.814356,17.25
2024-03-27 14:00:00,27.695269,37.52
2024-03-27 15:00:00,51.591892,32.9
2024-03-27 16:00:00,38.663292,29.650000000000002
2024-03-27 17:00:00,29.526936,22.98
2024-03-27 18:00:00,26.398233,28.07
2024-03-27 19:00:00,26.78805,49.2
2024-03-27 20:00:00,55.936756,39.73
2024-03-27 21:00:00,35.860565,43.9
2024-03-27 22:00:00,38.997036,28.900000000000002
2024-03-27 23:00:00,26.373236,20.68
2024-03-28 00:00:00,17.214035,21.85
2024-03-28 01:00:00,20.029007,26.07
2024-03-28 02:00:00,25.124018,30.229999999999997
2024-03-28 03:00:00,30.348696,27.179999999999996
2024-03-28 04:00:00,25.426315,24.32
2024-03-28 05:00:00,21.52396,21.25
2024-03-28 06:00:00,19.865818,19.38
2024-03-28 07:00:00,17.316658,20.77
2024-03-28 08:00:00,19.541899,21.18
2024-03-28 09:00:00,19.231813,16.98
2024-03-28 10:00:00,15.774064,14.000000000000002
2024-03-28 11:00:00,12.677134,11.53
2024-03-28 12:00:00,11.645891,15.32
2024-03-28 13:00:00,14.948042,26.55
2024-03-28 14:00:00,34.03244,30.650000000000002
2024-03-28 15:00:00,29.947943,22.98
2024-03-28 16:00:00,22.542355,21.9
2024-03-28 17:00:00,18.158741,24.53
2024-03-28 18:00:00,23.310991,29.7
2024-03-28 19:00:00,26.213741,34.4
2024-03-28 20:00:00,31.138617,27.9
2024-03-28 21:00:00,23.32948,26.399999999999995
2024-03-28 22:00:00,21.286102,23.05
2024-03-28 23:00:00,23.799845,18.38
2024-03-31 00:00:00,17.846249,47.25
2024-03-31 01:00:00,50.76182,43.3
2024-03-31 02:00:00,40.674774,37.5
2024-03-31 03:00:00,29.316957,28.7
2024-03-31 04:00:00,26.464489,32.98
2024-03-31 05:00:00,26.502815,27.97
2024-03-31 06:00:00,29.198124,21.65
2024-03-31 07:00:00,18.4945,16.6
2024-03-31 08:00:00,17.162777,13.45
2024-03-31 09:00:00,12.538279,9.25
2024-03-31 10:00:00,11.421531,10.05
2024-03-31 11:00:00,10.554765,8.8
2024-03-31 12:00:00,11.478659,11.0
2024-03-31 13:00:00,14.983914,16.83
2024-03-31 14:00:00,22.360994,19.95
2024-03-31 15:00:00,23.166592,20.2
2024-03-31 16:00:00,20.14216,18.42
2024-03-31 17:00:00,17.664532,13.5
2024-03-31 18:00:00,14.0146,10.7
2024-03-31 19:00:00,11.02691,10.93
2024-03-31 20:00:00,11.7995825,11.18
2024-03-31 21:00:00,11.993791,11.8
2024-03-31 22:00:00,11.938524,17.68
2024-03-31 23:00:00,19.231562,13.47
2024-04-07 00:00:00,14.277203,69.38
2024-04-07 01:00:00,71.872284,69.05
2024-04-07 02:00:00,56.76548,59.92
2024-04-07 03:00:00,43.994316,48.12
2024-04-07 04:00:00,40.421413,28.149999999999995
2024-04-07 05:00:00,24.853521,15.82
2024-04-07 06:00:00,18.03713,9.38
2024-04-07 07:00:00,13.662772,8.2
2024-04-07 08:00:00,12.561644,9.32
2024-04-07 09:00:00,14.29009,7.32
2024-04-07 10:00:00,11.989252,7.650000000000001
2024-04-07 11:00:00,11.187545,10.65
2024-04-07 12:00:00,15.910982,9.2
2024-04-07 13:00:00,12.053824,22.15
2024-04-07 14:00:00,26.855333,58.77000000000001
2024-04-07 15:00:00,62.526752,98.97
2024-04-07 16:00:00,79.60714,83.18
2024-04-07 17:00:00,61.446228,71.9
2024-04-07 18:00:00,48.28171,70.95
2024-04-07 19:00:00,53.72497,67.88
2024-04-07 20:00:00,52.00286,87.2
2024-04-07 21:00:00,72.4742,17.8
2024-04-07 22:00:00,21.179968,66.05
2024-04-07 23:00:00,44.220665,74.1
2024-04-15 00:00:00,80.168655,47.78
2024-04-15 01:00:00,28.271328,43.52
2024-04-15 02:00:00,44.855457,56.17000000000001
2024-04-15 03:00:00,45.56148,81.12
2024-04-15 04:00:00,82.160904,79.42
2024-04-15 05:00:00,66.50153,53.85
2024-04-15 06:00:00,45.347477,32.72
2024-04-15 07:00:00,26.902605,26.250000000000004
2024-04-15 08:00:00,24.132133,23.8
2024-04-15 09:00:00,24.553137,15.780000000000001
2024-04-15 10:00:00,20.10402,16.82
2024-04-15 11:00:00,19.467398,13.5
2024-04-15 12:00:00,21.318377,18.18
2024-04-15 13:00:00,23.419806,25.77
2024-04-15 14:00:00,36.653336,50.8
2024-04-15 15:00:00,57.08808,99.0
2024-04-15 16:00:00,93.39875,101.03
2024-04-15 17:00:00,77.06234,78.88
2024-04-15 18:00:00,58.051212,70.62
2024-04-15 19:00:00,53.236996,63.77
2024-04-15 20:00:00,52.626526,70.72
2024-04-15 21:00:00,57.850952,69.88
2024-04-15 22:00:00,63.62052,69.17
2024-04-15 23:00:00,62.18978,77.95
2024-04-16 00:00:00,75.901276,65.35
2024-04-16 01:00:00,58.545494,40.7
2024-04-16 02:00:00,37.837845,33.1
2024-04-16 03:00:00,28.557985,32.98
2024-04-16 04:00:00,32.55738,26.92
2024-04-16 05:00:00,27.531012,21.65
2024-04-16 06:00:00,23.141588,12.42
2024-04-16 07:00:00,16.167913,10.12
2024-04-16 08:00:00,11.987577,13.249999999999998
2024-04-16 09:00:00,16.472858,13.5
2024-04-16 10:00:00,16.262161,15.73
2024-04-16 11:00:00,17.46438,14.83
2024-04-16 12:00:00,16.845493,13.929999999999998
2024-04-16 13:00:00,17.248709,21.05
2024-04-16 14:00:00,29.582571,23.32
2024-04-16 15:00:00,28.950005,27.75
2024-04-16 16:00:00,28.91932,35.78
2024-04-16 17:00:00,39.085762,25.43
2024-04-16 18:00:00,23.983055,21.8
2024-04-16 19:00:00,20.824827,16.55
2024-04-16 20:00:00,15.915746,19.9
2024-04-16 21:00:00,18.918718,17.02
2024-04-16 22:00:00,20.76828,16.25
2024-04-16 23:00:00,15.691295,11.72
2024-04-18 00:00:00,14.697797,32.18
2024-04-18 01:00:00,36.913692,49.02
2024-04-18 02:00:00,52.10245,51.27
2024-04-18 03:00:00,45.72372,38.38
2024-04-18 04:00:00,32.798973,28.5
2024-04-18 05:00:00,22.60134,15.95
2024-04-18 06:00:00,17.46724,10.97
2024-04-18 07:00:00,11.061738,9.75
2024-04-18 08:00:00,13.15694,18.48
2024-04-18 09:00:00,21.079874,14.67
2024-04-18 10:00:00,19.213203,22.27
2024-04-18 11:00:00,23.22646,16.08
2024-04-18 12:00:00,20.820234,15.720000000000002
2024-04-18 13:00:00,15.002727,25.05
2024-04-18 14:00:00,36.08044,109.1
2024-04-18 15:00:00,119.89986,41.4
2024-04-18 16:00:00,39.333405,107.92
2024-04-18 17:00:00,76.42375,72.1
2024-04-18 18:00:00,64.86087,94.18
2024-04-18 19:00:00,60.189106,91.97
2024-04-18 20:00:00,86.32123,66.28
2024-04-18 21:00:00,43.22543,67.78
2024-04-18 22:00:00,63.626595,53.54999999999999
2024-04-18 23:00:00,46.178055,57.0
2024-04-21 00:00:00,50.8562,14.3
2024-04-21 01:00:00,22.111753,18.48
2024-04-21 02:00:00,16.812605,26.700000000000003
2024-04-21 03:00:00,38.011715,24.6
2024-04-21 04:00:00,22.595095,19.03
2024-04-21 05:00:00,23.720613,16.95
2024-04-21 06:00:00,14.963041,8.85
2024-04-21 07:00:00,11.851244,9.4
2024-04-21 08:00:00,7.661166,10.22
2024-04-21 09:00:00,13.715539,11.93
2024-04-21 10:00:00,11.554155,9.55
2024-04-21 11:00:00,10.919742,10.45
2024-04-21 12:00:00,10.140306,12.7
2024-04-21 13:00:00,14.586117,12.5
2024-04-21 14:00:00,13.524997,34.17
2024-04-21 15:00:00,39.48994,53.11999999999999
2024-04-21 16:00:00,51.16082,55.85
2024-04-21 17:00:00,44.189655,63.580000000000005
2024-04-21 18:00:00,51.031025,39.55
2024-04-21 19:00:00,30.715769,24.05
2024-04-21 20:00:00,19.707163,21.12
2024-04-21 21:00:00,18.806087,15.649999999999999
2024-04-21 22:00:00,18.092043,9.05
2024-04-21 23:00:00,13.036284,6.82
2024-04-24 00:00:00,13.465442,52.45
2024-04-24 01:00:00,65.7321,58.7
2024-04-24 02:00:00,59.575813,58.230000000000004
2024-04-24 03:00:00,47.44984,51.15
2024-04-24 04:00:00,46.605152,43.9
2024-04-24 05:00:00,33.48925,37.28
2024-04-24 06:00:00,33.40231,24.05
2024-04-24 07:00:00,21.833626,29.93
2024-04-24 08:00:00,26.237984,16.95
2024-04-24 09:00:00,20.281494,13.05
2024-04-24 10:00:00,12.090476,24.98
2024-04-24 11:00:00,28.73683,21.45
2024-04-24 12:00:00,22.611101,17.97
2024-04-24 13:00:00,25.239683,14.15
2024-04-24 14:00:00,16.949692,25.38
2024-04-24 15:00:00,35.046757,41.2
2024-04-24 16:00:00,50.601574,56.68
2024-04-24 17:00:00,56.91762,57.10000000000001
2024-04-24 18:00:00,54.52665,69.08
2024-04-24 19:00:00,58.370033,76.57
2024-04-24 20:00:00,66.22981,77.57
2024-04-24 21:00:00,60.88138,69.5
2024-04-24 22:00:00,58.561264,59.04999999999999
2024-04-24 23:00:00,44.76675,67.08
2024-04-28 00:00:00,54.442684,17.73
2024-04-28 01:00:00,20.53279,25.88
2024-04-28 02:00:00,18.550707,26.43
2024-04-28 03:00:00,31.835835,28.75
2024-04-28 04:00:00,23.08741,29.43
2024-04-28 05:00:00,34.71386,24.05
2024-04-28 06:00:00,21.300678,23.95
2024-04-28 07:00:00,24.975086,8.9
2024-04-28 08:00:00,11.026717,8.97
2024-04-28 09:00:00,8.271571,12.95
2024-04-28 10:00:00,16.220854,8.4
2024-04-28 11:00:00,9.10625,10.23
2024-04-28 12:00:00,10.976029,18.8
2024-04-28 13:00:00,23.076096,21.5
2024-04-28 14:00:00,25.587168,38.38
2024-04-28 15:00:00,40.421856,51.08
2024-04-28 16:00:00,48.026184,47.52
2024-04-28 17:00:00,37.664104,48.7
2024-04-28 18:00:00,37.783806,45.9
2024-04-28 19:00:00,35.705975,61.35000000000001
2024-04-28 20:00:00,49.73816,82.82
2024-04-28 21:00:00,67.24594,85.38
2024-04-28 22:00:00,63.41267,88.7
2024-04-28 23:00:00,70.43904,71.83
2024-04-30 00:00:00,59.30786,25.68
2024-04-30 01:00:00,26.048738,25.08
2024-04-30 02:00:00,21.55688,20.62
2024-04-30 03:00:00,27.217852,22.3
2024-04-30 04:00:00,23.33456,15.380000000000003
2024-04-30 05:00:00,25.870926,12.12
2024-04-30 06:00:00,14.778683,8.57
2024-04-30 07:00:00,17.11532,6.22
2024-04-30 08:00:00,8.99535,10.75
2024-04-30 09:00:00,18.525846,13.169999999999998
2024-04-30 10:00:00,17.787014,14.680000000000001
2024-04-30 11:00:00,17.420338,13.120000000000001
2024-04-30 12:00:00,13.635181,21.95
2024-04-30 13:00:00,23.888,36.83
2024-04-30 14:00:00,42.10301,54.73
2024-04-30 15:00:00,51.31487,67.0
2024-04-30 16:00:00,57.958305,86.6
2024-04-30 17:00:00,71.32551,88.53
2024-04-30 18:00:00,70.202126,86.38
2024-04-30 19:00:00,66.46172,97.7
2024-04-30 20:00:00,78.78901,74.57
2024-04-30 21:00:00,60.045258,39.38
2024-04-30 22:00:00,35.599308,24.98
2024-04-30 23:00:00,24.680975,19.15
2024-05-22 00:00:00,24.14333,29.679999999999996
2024-05-22 01:00:00,33.7283,30.7
2024-05-22 02:00:00,38.945415,34.3
2024-05-22 03:00:00,36.72414,33.57
2024-05-22 04:00:00,37.886307,32.25
2024-05-22 05:00:00,31.121132,42.95
2024-05-22 06:00:00,43.055004,35.57
2024-05-22 07:00:00,30.804592,35.9
2024-05-22 08:00:00,28.988428,21.18
2024-05-22 09:00:00,18.697159,18.8
2024-05-22 10:00:00,13.27288,23.73
2024-05-22 11:00:00,23.133656,24.45
2024-05-22 12:00:00,21.130453,31.400000000000002
2024-05-22 13:00:00,34.44825,41.08
2024-05-22 14:00:00,44.70751,62.88000000000001
2024-05-22 15:00:00,63.307648,61.97
2024-05-22 16:00:00,54.33917,43.4
2024-05-22 17:00:00,35.069374,45.53
2024-05-22 18:00:00,36.44528,51.0
2024-05-22 19:00:00,50.783688,47.62
2024-05-22 20:00:00,43.569565,39.2
2024-05-22 21:00:00,39.17141,26.75
2024-05-22 22:00:00,26.863064,21.62
2024-05-22 23:00:00,21.507328,18.2
2024-05-23 00:00:00,20.058125,15.45
2024-05-23 01:00:00,17.869099,24.55
2024-05-23 02:00:00,30.654305,24.12
2024-05-23 03:00:00,27.328629,21.6
2024-05-23 04:00:00,21.836706,23.15
2024-05-23 05:00:00,22.733812,32.38
2024-05-23 06:00:00,32.99997,28.550000000000004
2024-05-23 07:00:00,26.132246,34.93
2024-05-23 08:00:00,30.680586,20.8
2024-05-23 09:00:00,19.580177,21.07
2024-05-23 10:00:00,16.223993,35.15
2024-05-23 11:00:00,37.36978,28.620000000000005
2024-05-23 12:00:00,25.935623,46.62
2024-05-23 13:00:00,45.172523,37.82
2024-05-23 14:00:00,36.12617,55.769999999999996
2024-05-23 15:00:00,49.181896,66.03
2024-05-23 16:00:00,61.718666,48.25
2024-05-23 17:00:00,38.683662,67.65
2024-05-23 18:00:00,58.63728,60.2
2024-05-23 19:00:00,52.807995,44.52
2024-05-23 20:00:00,32.187717,43.67
2024-05-23 21:00:00,35.11858,40.9
2024-05-23 22:00:00,34.157238,28.620000000000005
2024-05-23 23:00:00,26.331726,25.05
2024-05-24 00:00:00,23.298517,29.679999999999996
2024-05-24 01:00:00,31.15102,28.780000000000005
2024-05-24 02:00:00,31.418818,26.38
2024-05-24 03:00:00,27.842777,35.52
2024-05-24 04:00:00,40.760914,39.38
2024-05-24 05:00:00,41.34502,47.85
2024-05-24 06:00:00,47.79623,46.98
2024-05-24 07:00:00,42.590027,28.850000000000005
2024-05-24 08:00:00,23.493635,23.9
2024-05-24 09:00:00,18.88406,32.85
2024-05-24 10:00:00,30.740852,34.05
2024-05-24 11:00:00,32.875515,47.9
2024-05-24 12:00:00,49.539158,37.8
2024-05-24 13:00:00,38.75004,41.13
2024-05-24 14:00:00,37.51463,57.15
2024-05-24 15:00:00,58.314457,57.650000000000006
2024-05-24 16:00:00,49.432392,74.22
2024-05-24 17:00:00,66.23818,90.12
2024-05-24 18:00:00,76.141655,73.07
2024-05-24 19:00:00,57.874825,64.45
2024-05-24 20:00:00,49.062344,61.05
2024-05-24 21:00:00,50.134357,53.67
2024-05-24 22:00:00,45.68689,45.88
2024-05-24 23:00:00,40.48971,43.7
2024-05-25 00:00:00,40.072163,61.900000000000006
2024-05-25 01:00:00,62.63074,74.38
2024-05-25 02:00:00,69.52998,67.83
2024-05-25 03:00:00,58.399162,37.38
2024-05-25 04:00:00,32.13862,39.2
2024-05-25 05:00:00,29.49773,28.08
2024-05-25 06:00:00,31.792633,15.599999999999998
2024-05-25 07:00:00,15.111375,14.23
2024-05-25 08:00:00,18.090372,12.3
2024-05-25 09:00:00,16.485409,10.53
2024-05-25 10:00:00,17.022644,9.05
2024-05-25 11:00:00,17.070072,9.4
2024-05-25 12:00:00,16.19372,10.48
2024-05-25 13:00:00,19.246614,11.8
2024-05-25 14:00:00,19.284311,28.000000000000004
2024-05-25 15:00:00,38.688972,53.77000000000001
2024-05-25 16:00:00,56.84003,57.55
2024-05-25 17:00:00,51.421577,64.2
2024-05-25 18:00:00,50.87645,63.900000000000006
2024-05-25 19:00:00,50.917683,45.97
2024-05-25 20:00:00,35.86703,46.82
2024-05-25 21:00:00,34.403454,83.47
2024-05-25 22:00:00,74.40692,93.0
2024-05-25 23:00:00,71.18269,57.85000000000001
2024-05-31 00:00:00,45.677376,86.53
2024-05-31 01:00:00,61.93161,89.53
2024-05-31 02:00:00,79.604965,101.2
2024-05-31 03:00:00,73.806694,43.2
2024-05-31 04:00:00,42.935963,28.929999999999996
2024-05-31 05:00:00,22.37681,27.4
2024-05-31 06:00:00,33.011562,18.88
2024-05-31 07:00:00,21.730076,16.95
2024-05-31 08:00:00,26.720875,12.62
2024-05-31 09:00:00,20.029264,11.53
2024-05-31 10:00:00,22.041576,10.18
2024-05-31 11:00:00,18.95309,16.07
2024-05-31 12:00:00,25.901812,21.25
2024-05-31 13:00:00,32.619686,27.07
2024-05-31 14:00:00,33.710823,51.72
2024-05-31 15:00:00,60.7639,161.93
2024-05-31 16:00:00,157.11905,207.82
2024-05-31 17:00:00,148.42574,177.55
2024-05-31 18:00:00,121.07383,153.45
2024-05-31 19:00:00,115.18548,146.07
2024-05-31 20:00:00,112.08953,161.88
2024-05-31 21:00:00,129.43185,144.85
2024-05-31 22:00:00,119.33978,75.12
2024-05-31 23:00:00,72.71508,35.28
2024-06-03 00:00:00,52.295696,30.45
2024-06-03 01:00:00,40.67447,25.7
2024-06-03 02:00:00,47.883816,20.45
2024-06-03 03:00:00,39.561638,21.15
2024-06-03 04:00:00,40.09626,15.97
2024-06-03 05:00:00,32.588757,12.68
2024-06-03 06:00:00,21.843132,12.32
2024-06-03 07:00:00,19.989399,8.67
2024-06-03 08:00:00,11.313764,9.6
2024-06-03 09:00:00,10.17891,10.32
2024-06-03 10:00:00,8.419228,13.249999999999998
2024-06-03 11:00:00,10.23538,11.68
2024-06-03 12:00:00,7.2240176,20.1
2024-06-03 13:00:00,16.770298,20.88
2024-06-03 14:00:00,17.746765,40.17
2024-06-03 15:00:00,39.026234,100.9
2024-06-03 16:00:00,96.91982,144.32
2024-06-03 17:00:00,108.321945,108.30000000000001
2024-06-03 18:00:00,73.390625,98.6
2024-06-03 19:00:00,67.309715,17.82
2024-06-03 20:00:00,30.131725,19.0
2024-06-03 21:00:00,17.759638,26.77
2024-06-03 22:00:00,43.65962,20.45
2024-06-03 23:00:00,26.624496,43.92
2024-06-06 00:00:00,67.64527,53.11999999999999
2024-06-06 01:00:00,64.68269,49.7
2024-06-06 02:00:00,51.971703,49.7
2024-06-06 03:00:00,47.080948,29.619999999999997
2024-06-06 04:00:00,28.467337,14.82
2024-06-06 05:00:00,14.728292,17.1
2024-06-06 06:00:00,15.764343,25.12
2024-06-06 07:00:00,28.008638,19.92
2024-06-06 08:00:00,18.498222,17.1
2024-06-06 09:00:00,15.529317,20.5
2024-06-06 10:00:00,18.12161,19.12
2024-06-06 11:00:00,18.795876,16.68
2024-06-06 12:00:00,13.7974205,14.9
2024-06-06 13:00:00,16.388346,16.35
2024-06-06 14:00:00,26.379318,25.12
2024-06-06 15:00:00,43.263275,52.35
2024-06-06 16:00:00,67.21052,66.53
2024-06-06 17:00:00,67.34308,49.1
2024-06-06 18:00:00,46.655964,10.88
2024-06-06 19:00:00,18.383139,8.28
2024-06-06 20:00:00,11.7444315,26.53
2024-06-06 21:00:00,35.65745,31.529999999999998
2024-06-06 22:00:00,34.022842,25.8
2024-06-06 23:00:00,27.789743,35.4
2024-06-08 00:00:00,36.242283,29.099999999999998
2024-06-08 01:00:00,30.128572,24.3
2024-06-08 02:00:00,21.074371,22.25
2024-06-08 03:00:00,22.085419,18.75
2024-06-08 04:00:00,17.766132,16.73
2024-06-08 05:00:00,16.865648,16.55
2024-06-08 06:00:00,15.701764,10.15
2024-06-08 07:00:00,11.5821705,10.27
2024-06-08 08:00:00,9.736424,10.18
2024-06-08 09:00:00,11.456938,11.9
2024-06-08 10:00:00,11.2687025,10.95
2024-06-08 11:00:00,11.758751,17.93
2024-06-08 12:00:00,18.107084,33.35
2024-06-08 13:00:00,39.477398,36.42
2024-06-08 14:00:00,39.012733,31.270000000000003
2024-06-08 15:00:00,34.500126,44.83
2024-06-08 16:00:00,43.870544,32.73
2024-06-08 17:00:00,32.35921,29.970000000000002
2024-06-08 18:00:00,21.564518,29.2
2024-06-08 19:00:00,25.611345,42.6
2024-06-08 20:00:00,37.68126,51.8
2024-06-08 21:00:00,47.072742,58.08
2024-06-08 22:00:00,49.460514,72.55
2024-06-08 23:00:00,65.44713,53.3
2024-06-12 00:00:00,43.95146,101.35
2024-06-12 01:00:00,82.85737,78.0
2024-06-12 02:00:00,61.273525,40.42
2024-06-12 03:00:00,28.175701,29.47
2024-06-12 04:00:00,25.987732,23.18
2024-06-12 05:00:00,22.841343,25.22
2024-06-12 06:00:00,26.899914,16.8
2024-06-12 07:00:00,23.021156,13.52
2024-06-12 08:00:00,16.985132,13.75
2024-06-12 09:00:00,21.100409,8.88
2024-06-12 10:00:00,13.914552,9.7
2024-06-12 11:00:00,13.960591,11.18
2024-06-12 12:00:00,16.200153,14.78
2024-06-12 13:00:00,19.75438,18.93
2024-06-12 14:00:00,26.285116,41.67
2024-06-12 15:00:00,50.34653,87.07
2024-06-12 16:00:00,82.644875,153.93
2024-06-12 17:00:00,120.270515,127.7
2024-06-12 18:00:00,84.32992,122.38
2024-06-12 19:00:00,82.57018,127.67
2024-06-12 20:00:00,96.24346,120.72
2024-06-12 21:00:00,91.27528,99.85
2024-06-12 22:00:00,81.257774,32.73
2024-06-12 23:00:00,37.606163,24.75
2024-06-16 00:00:00,27.649487,28.230000000000004
2024-06-16 01:00:00,39.181812,27.6
2024-06-16 02:00:00,35.72845,21.38
2024-06-16 03:00:00,34.33004,15.25
2024-06-16 04:00:00,23.611567,10.15
2024-06-16 05:00:00,18.748564,7.000000000000001
2024-06-16 06:00:00,11.982197,6.67
2024-06-16 07:00:00,10.678665,7.15
2024-06-16 08:00:00,9.760421,8.25
2024-06-16 09:00:00,8.787,7.75
2024-06-16 10:00:00,7.8968596,6.65
2024-06-16 11:00:00,6.124114,9.45
2024-06-16 12:00:00,9.235205,7.969999999999999
2024-06-16 13:00:00,7.146635,9.95
2024-06-16 14:00:00,9.044778,14.549999999999999
2024-06-16 15:00:00,13.228577,31.83
2024-06-16 16:00:00,33.638107,44.58
2024-06-16 17:00:00,37.673744,45.12
2024-06-16 18:00:00,37.507923,53.15
2024-06-16 19:00:00,42.062016,53.77000000000001
2024-06-16 20:00:00,44.046093,43.55
2024-06-16 21:00:00,34.53403,29.27
2024-06-16 22:00:00,24.058947,17.83
2024-06-16 23:00:00,19.141388,17.65
2024-06-22 00:00:00,18.464369,27.1
2024-06-22 01:00:00,31.031155,25.17
2024-06-22 02:00:00,26.66066,28.8
2024-06-22 03:00:00,28.527874,27.469999999999995
2024-06-22 04:00:00,27.89693,26.1
2024-06-22 05:00:00,23.48135,19.15
2024-06-22 06:00:00,18.324413,16.1
2024-06-22 07:00:00,13.739944,18.27
2024-06-22 08:00:00,17.007698,18.1
2024-06-22 09:00:00,16.494167,13.55
2024-06-22 10:00:00,12.972091,13.5
2024-06-22 11:00:00,12.230209,12.55
2024-06-22 12:00:00,13.290528,16.8
2024-06-22 13:00:00,20.293495,15.97
2024-06-22 14:00:00,23.725317,20.85
2024-06-22 15:00:00,32.75092,39.2
2024-06-22 16:00:00,51.982327,42.85
2024-06-22 17:00:00,45.816982,44.88
2024-06-22 18:00:00,45.195904,31.38
2024-06-22 19:00:00,32.199116,34.45
2024-06-22 20:00:00,30.520647,30.9
2024-06-22 21:00:00,29.636562,28.149999999999995
2024-06-22 22:00:00,22.527882,28.95
2024-06-22 23:00:00,27.705324,33.27
